gs://wdp-ds-data/dolphin_ogg/080808Sb_RegPCA110.ogg	126976	135730	0	-0.00027,0.26543,-0.00448,0.00006,-0.04431,0.33119,0.44928,0.00344,0.01659,-0.00009,0.00155,0.00002,0.00244,-0.83537,-0.04962,0.00021,-0.08252,-0.00022,0.00053,0.90174,0.00002,0.00647,0.00855,-0.98509,0.00000,0.00036,0.00067,-0.03645,-0.01026,-0.02871,-0.00379,-0.00435,0.00000,-0.14897,-0.42725,0.00031,0.00165,0.00000,-0.00006,-0.00000,0.26554,-0.00201,-0.00005,-0.00009,-0.06361,0.08259,-0.08369,-0.93361,0.00000,0.00235,0.00000,0.17471,-0.00000,-0.78293,-0.12818,-0.00000,-0.00395,-0.62534,0.06238,-0.00391,-0.02020,-0.00246,0.00013,-0.00000,0.00313,-0.00101,-0.00311,0.00004,-0.03052,-0.00001,-0.00000,-0.00030,0.00034,0.10746,-0.00435,0.99898,0.00240,0.84925,0.08346,0.06906,0.11956,0.00003,-0.00000,-0.12175,0.00361,-0.00034,0.00362,-0.00233,0.56972,-0.00000,0.82880,0.02131,0.00011,-0.00000,0.35457,-0.00038,-0.00807,-0.00000,0.00404,-0.66759,-0.00020,-0.16589,0.91412,-0.00060,0.96207,-0.00083,-0.00051,0.00000,-0.00395,-0.02565,-0.00028,0.00000,0.00005,-0.00006,-0.00853,0.14012,-0.83188,0.00000,-0.31058,0.23953,0.18527,0.00128,0.00002,0.03346,-0.09006,0.00000,-0.00124,0.00004,-0.00072,0.00086,0.00007,0.00003,-0.58453,0.00000,0.00622,-0.65828,-0.00000,-0.00001,-0.35421,-0.00201,-0.09156,0.00048,0.00076,-0.00008,-0.00001,-0.00546,-0.00441,-0.97853,-0.00729,-0.00057,-0.94280,-0.02040,-0.13765,-0.00009,0.00145,-0.00085,0.00006,0.00094,-0.08249,0.19910,-0.85347,-0.00749,0.00882,-0.00146,-0.00008,-0.04143,0.03764,0.00000,0.00616,0.00000,0.00000,0.00604,-0.00017,-0.40378,0.00051,-0.66225,-0.99922,0.04965,0.00000,0.00027,0.06526,-0.00000,0.02876,0.00326,-0.72611,-0.01698,-0.00330,-0.10666,0.00088,0.00385,0.04435,0.00268,-0.00267,-0.78992,-0.03393,-0.99911,0.00601,-0.00059,0.05182,0.00004,0.00059,0.00863,0.00861,0.00324,0.00006,-0.00005,0.10571,0.51545,0.00000,0.71081,0.03632,-0.00000,0.00076,-0.08783,-0.00549,0.00006,0.81266,-0.00251,0.00002,-0.07240,-0.00396,0.90305,0.03321,0.00012,-0.00016,-0.02478,0.75508,0.00064,0.00001,0.00000,-0.00008,0.00035,-0.04452,0.02144,0.00002,0.00064,0.00893,-0.65012,-0.00002,0.92477,-0.00016,-0.00001,-0.00097,-0.46280,0.00012,-0.00937,-0.00065,0.00000,0.00003,0.06770,-0.00006,0.00000,0.10797,-0.00000,-0.00089,0.00038
gs://wdp-ds-data/dolphin_ogg/080808Sb_RegPCA110.ogg	131072	139826	2	0.00005,0.79135,-0.02106,-0.00005,-0.02529,0.01338,0.64248,0.00085,-0.00070,-0.00024,0.00016,0.00000,0.05303,-0.99235,-0.01162,0.00007,-0.01214,-0.00017,0.01755,-0.30175,0.00001,0.00066,0.00350,-0.99856,0.00000,0.00497,0.00421,-0.42834,-0.01489,-0.00000,-0.00291,-0.00066,0.00001,-0.49859,-0.35673,0.05391,0.00036,0.00000,-0.00166,-0.00001,0.33015,-0.00716,-0.00002,-0.00004,-0.00295,0.00992,0.26442,-0.29085,0.00002,0.00249,0.00000,0.00066,-0.00000,-0.97897,-0.15396,0.00000,-0.00102,-0.46721,0.03668,-0.00006,-0.01714,-0.00001,0.00000,-0.00000,0.03438,-0.00005,0.00001,0.00016,-0.01791,-0.00004,0.00000,-0.00073,0.00654,0.60257,-0.00098,0.99171,0.21495,-0.11916,0.00145,0.83916,0.08306,0.00002,-0.00000,-0.98427,0.00136,0.00010,0.00137,-0.00356,-0.61167,-0.00000,0.08303,0.01914,0.00001,-0.00000,-0.51233,0.00008,-0.00020,-0.00001,0.00672,-0.85044,-0.00017,-0.07829,0.68228,-0.00000,0.27097,-0.00069,-0.00217,0.00000,-0.00000,-0.31266,-0.00006,0.00000,-0.00030,-0.00000,-0.00766,0.01428,-0.62241,0.00000,-0.14812,0.25889,0.40479,0.00008,0.00000,0.09768,-0.01403,0.00000,-0.00141,0.00002,-0.00002,0.00007,-0.00003,0.00005,-0.49732,0.00000,0.00063,-0.85861,-0.00000,0.00000,-0.00118,-0.00011,-0.03697,-0.00120,-0.00090,-0.00880,0.00023,-0.00291,-0.03234,-0.91275,-0.00063,-0.00077,-0.39328,-0.00593,-0.36060,-0.00017,0.01385,-0.00005,0.00000,0.00005,0.08362,0.64037,-0.96461,-0.00120,0.02456,-0.00064,-0.00605,-0.01793,0.16153,0.00000,0.01109,0.00000,-0.00000,0.02887,-0.00021,-0.03726,0.00060,0.24149,-0.99971,0.02799,0.00016,0.00002,0.00145,-0.00000,0.00121,0.04851,-0.69884,-0.01247,-0.00080,-0.21673,0.00103,-0.01857,-0.02178,0.00441,-0.15274,0.30616,-0.31846,-0.99862,0.00571,-0.00056,0.46901,0.00000,0.00013,0.33716,0.10049,0.00206,0.00022,-0.00014,0.14661,0.22810,0.00000,0.35955,0.02453,-0.00000,0.00000,-0.00396,-0.00102,-0.12865,0.96498,-0.00066,0.00003,-0.60862,-0.00018,0.59870,0.00000,0.00000,-0.00001,-0.00600,0.73679,0.00059,0.00002,0.00000,-0.00007,-0.00004,-0.54026,0.00710,0.00000,-0.00015,0.02302,-0.36665,0.00000,0.01526,-0.00008,-0.00000,-0.00117,-0.06876,0.00003,-0.01865,-0.00278,-0.00000,0.00002,0.01605,-0.00000,0.00000,0.20507,-0.00029,-0.00010,0.00010
gs://wdp-ds-data/dolphin_ogg/080808Sb_RegPCA110.ogg	135168	143922	3	-0.00003,0.93410,-0.00000,0.00002,-0.03323,0.08513,0.19175,0.07650,0.00291,-0.00241,0.00147,0.00001,0.00043,-0.43857,-0.30314,0.00014,0.01520,-0.00071,0.00040,0.45923,0.00000,0.07887,0.00052,-0.99761,0.00000,0.00018,0.28360,-0.01118,-0.20847,0.00000,-0.02521,-0.01763,-0.00000,-0.00497,-0.00145,0.00000,0.00003,-0.00000,-0.00007,-0.00212,0.70376,-0.25771,0.00569,-0.00001,-0.00013,0.74255,-0.08301,0.01809,-0.00000,0.01853,0.00000,0.00455,-0.00000,-0.01125,-0.03632,-0.00000,-0.00039,-0.97726,0.30692,-0.00109,-0.02995,-0.00080,0.00031,-0.00002,0.00009,-0.00039,-0.00472,0.00001,-0.11848,0.00003,-0.00001,-0.00016,0.00045,0.00046,-0.00058,0.99835,-0.03821,0.99942,0.01678,-0.00829,0.42333,0.00001,0.00000,-0.96390,0.14801,0.00367,0.00117,-0.00232,0.00929,-0.00000,0.07716,0.00803,0.00081,-0.00000,-0.07674,-0.00009,-0.01593,-0.00139,0.00160,-0.00092,-0.00007,-0.70319,-0.55973,-0.00001,0.10987,-0.00539,-0.00106,-0.00000,-0.00011,-0.06575,-0.01040,0.00002,0.06153,-0.00002,-0.13547,0.00323,0.91996,0.00000,-0.00221,0.02910,0.18587,0.00664,0.00000,-0.70654,-0.95243,0.00000,-0.00029,0.00005,-0.00042,0.00000,-0.00004,0.00110,-0.11440,0.00000,0.00083,-0.33471,0.00005,0.00376,-0.00035,-0.00023,0.02803,0.00004,0.00163,-0.00004,-0.00000,0.00475,-0.17421,-0.98803,-0.10023,-0.00692,-0.19608,-0.00554,-0.23476,-0.00665,0.00548,-0.25583,0.00001,0.00488,-0.04512,0.90310,-0.98963,-0.00000,0.00145,-0.09024,-0.00008,-0.00427,0.01561,0.00000,-0.00096,0.00000,0.00000,0.00413,-0.00311,-0.87155,0.00113,-0.14727,-0.99946,0.02162,0.00088,0.00004,0.00020,-0.00000,0.00207,0.99989,0.84041,-0.10839,0.00792,-0.69869,0.00033,-0.01356,-0.09029,-0.84821,-0.00016,-0.91246,-0.04612,-0.99674,0.04369,-0.00020,0.15784,0.00187,0.00539,0.02691,0.63873,0.00462,0.00295,-0.00054,0.02095,0.77604,0.00000,0.11778,0.07309,-0.00000,0.03549,-0.68572,-0.00006,0.00202,0.33682,-0.00008,0.00379,-0.02274,-0.00283,0.29720,0.00023,0.00000,-0.00897,-0.29917,0.49907,0.00334,-0.00072,0.00000,-0.00443,0.00068,-0.38838,0.00074,-0.00000,-0.42238,0.00321,-0.27681,-0.00000,0.44035,-0.00281,-0.00001,-0.00110,0.32773,0.00022,-0.00789,-0.00377,-0.00006,0.00195,0.01624,-0.00001,0.00153,0.04495,-0.00001,-0.00126,0.00003
gs://wdp-ds-data/dolphin_ogg/080808Sb_RegPCA110.ogg	139264	148018	2	-0.00109,0.78568,-0.00551,0.00000,-0.00248,0.00002,0.95060,0.00744,0.04354,-0.00072,0.00003,0.00000,0.00001,-0.99646,-0.76214,0.00002,-0.00740,-0.00063,0.27355,0.28844,0.00001,0.00010,0.00015,-0.83491,-0.00017,0.01773,0.00003,-0.63612,-0.12947,0.00000,-0.00044,-0.00040,-0.00012,-0.00000,-0.90101,0.04270,0.00192,0.00013,-0.00000,-0.00004,0.00168,-0.09959,0.00009,0.00040,-0.00897,0.00887,-0.23792,-0.00054,0.00245,0.00136,0.00000,0.00004,-0.00000,-0.95734,-0.01509,0.00000,-0.26818,-0.00931,-0.00398,-0.00000,-0.14258,-0.00000,0.03868,-0.00010,0.01483,-0.01354,0.00218,0.00053,-0.00842,-0.00000,-0.00000,-0.00002,0.22020,0.01393,-0.00000,0.21981,0.56679,0.86260,0.00582,0.35994,0.00325,0.00279,-0.00000,-0.00015,-0.00003,0.01397,0.14851,-0.00110,-0.21716,-0.00000,0.20670,0.00078,0.00039,0.00005,-0.99949,0.00011,0.00000,-0.00000,0.00727,-0.00139,-0.02738,-0.77870,0.83898,-0.00000,-0.46473,-0.04792,-0.01877,0.00451,0.00000,-0.01177,-0.00028,-0.00001,-0.00031,0.00107,-0.00608,0.01967,-0.20860,-0.00014,-0.00000,-0.02008,0.87470,0.00005,0.00004,0.32380,-0.00047,-0.02556,0.00007,0.00016,-0.00000,0.00041,-0.00277,0.00153,-0.22116,0.00000,-0.00000,-0.18666,-0.00038,0.00000,-0.43679,-0.04977,-0.01945,0.00047,0.06182,-0.00416,-0.00420,0.00034,0.00018,-0.63541,-0.00000,-0.02178,-0.99597,0.00114,-0.01767,-0.00443,0.00085,-0.00001,-0.00000,0.00284,0.62895,0.12538,-0.00677,-0.00002,0.00758,-0.04767,-0.00009,-0.17879,0.00041,-0.00019,0.02939,0.00000,0.00000,0.24776,0.00001,-0.11781,0.00000,-0.01609,-0.99643,0.01119,0.00000,0.00797,0.25825,-0.00000,0.06944,0.86756,-0.84181,-0.00041,-0.24636,-0.00631,0.00198,-0.00016,-0.01945,0.00015,-0.00006,-0.98521,-0.01752,-0.99928,0.09898,-0.00000,0.02492,-0.00047,0.00045,0.85212,0.00016,0.00360,0.01008,-0.00416,0.00039,0.12476,0.00000,-0.66291,0.14147,-0.00000,0.00041,-0.00176,0.91315,-0.00003,0.99081,-0.01669,0.00980,-0.00657,-0.00280,0.09994,0.00002,0.00000,-0.00000,-0.00167,0.23757,0.09487,-0.92962,0.00000,-0.00154,-0.00124,-0.00000,0.00097,0.00000,0.00000,-0.00055,-0.00034,-0.00002,0.03791,-0.00031,-0.00070,-0.00326,-0.73086,0.00037,-0.00355,-0.00510,0.00000,0.34583,0.00003,-0.00001,0.00698,0.00450,-0.00002,-0.00017,0.00488
gs://wdp-ds-data/dolphin_ogg/080808Sb_RegPCA110.ogg	147456	156210	2	-0.00069,0.85700,-0.02950,-0.00006,-0.01265,0.00000,0.94973,0.00339,-0.54150,-0.00053,-0.00010,0.00000,0.00000,-0.99795,-0.72146,0.00014,-0.00048,0.00080,0.13400,-0.69104,0.00001,0.00009,-0.00001,-0.83265,-0.00000,0.00124,-0.00000,-0.74354,-0.27595,-0.00000,-0.00030,-0.00032,-0.00118,-0.00000,-0.81604,0.02590,0.10199,0.00009,-0.00013,-0.00000,0.01378,-0.04829,0.00007,0.00056,-0.00182,0.01894,-0.46111,-0.00033,0.01276,0.00122,0.00000,0.00010,-0.00002,-0.99320,-0.02226,0.00000,-0.15307,-0.00144,-0.01288,-0.00000,-0.02995,0.00000,0.00113,-0.00001,0.04238,0.00454,0.00065,-0.00254,-0.00001,-0.00000,-0.00000,-0.00078,0.67167,0.03167,-0.00003,0.02776,0.02890,0.06021,0.01088,0.04588,0.00009,0.00193,-0.00000,-0.00004,0.00002,0.00000,0.62567,-0.00054,0.07502,-0.00000,0.00164,0.00077,0.00030,0.00001,-0.42248,0.00100,0.00000,-0.00000,0.00638,-0.36581,-0.00657,-0.00037,0.92330,-0.00093,-0.25678,-0.01266,-0.23882,0.00127,-0.00004,0.02252,-0.00005,-0.00001,0.00057,-0.00168,-0.00434,0.03212,-0.10568,-0.00000,-0.00001,0.01476,0.55155,0.00005,0.00000,0.19914,-0.00058,-0.00022,0.00023,0.00823,-0.00000,0.12422,-0.00012,0.00037,-0.00882,0.00000,-0.00000,-0.14060,-0.00432,0.00000,-0.02352,-0.09321,-0.00043,-0.00586,0.01061,-0.06341,-0.00679,0.00105,-0.00945,-0.00002,-0.00001,-0.01834,-0.68564,0.00099,-0.00163,0.00111,0.00572,-0.00004,-0.00000,0.00002,0.06601,0.99987,-0.00506,-0.05768,0.14013,-0.00065,-0.00132,-0.99963,0.00139,-0.00001,0.12040,0.00017,-0.00000,-0.84369,-0.00057,-0.00230,0.00006,0.00214,-0.81435,0.04375,0.00021,0.00060,0.87900,-0.00002,0.99289,0.98775,-0.57830,-0.02384,-0.47505,-0.00318,0.00182,-0.00005,-0.47715,0.02043,-0.00117,-0.88332,-0.53284,-0.99785,0.36106,-0.00001,0.00627,-0.00000,0.00016,0.53408,0.00013,0.00043,0.00062,-0.00685,0.00011,0.10779,0.00000,-0.23333,0.06352,-0.00002,0.01062,-0.00063,0.44783,-0.00021,0.99261,-0.11994,0.00157,-0.22225,-0.01155,0.48325,0.00000,0.00001,-0.00000,-0.00088,0.11096,0.01355,0.00014,0.00000,-0.00276,-0.00372,-0.00000,0.00002,0.00026,0.00001,0.00010,-0.00007,0.00065,0.15904,-0.00001,-0.00965,-0.02216,-0.78759,0.07104,-0.02006,-0.00796,-0.00000,0.00233,0.00009,-0.00000,0.00289,0.03986,-0.00021,-0.00028,0.03205
gs://wdp-ds-data/dolphin_ogg/080808Sb_RegPCA110.ogg	151552	160306	2	-0.00033,0.96616,-0.04555,-0.00003,-0.04371,0.00000,0.95788,0.00093,-0.82144,-0.00331,-0.00012,0.00000,0.00000,-0.99625,-0.16834,0.00021,-0.00038,0.00049,0.00222,-0.54156,0.00000,0.00078,0.00004,-0.88324,-0.00000,0.00036,-0.00000,-0.90531,-0.37166,-0.00000,-0.00071,-0.00008,-0.00027,-0.00000,-0.83128,0.02870,0.17508,0.00001,-0.00033,-0.00004,0.23040,-0.05097,0.00009,-0.00001,-0.00040,0.07117,-0.99317,-0.00584,0.00315,0.00379,0.00000,0.00004,-0.00000,-0.97883,-0.00123,-0.00001,-0.02690,-0.00223,0.00118,-0.00017,-0.01195,-0.00001,0.00064,-0.00000,0.20390,0.00168,0.00130,-0.00976,-0.00001,-0.00000,-0.00000,-0.00172,0.50626,0.24727,-0.00024,0.14009,0.04794,-0.20021,0.00333,0.02215,0.00316,0.00014,-0.00000,-0.00799,0.00000,0.00001,0.37444,-0.00294,0.36156,-0.00000,0.00175,0.00053,0.00085,0.00002,-0.34231,0.00058,0.00000,-0.00000,0.00242,-0.82733,-0.00140,-0.00029,-0.95542,-0.00069,0.80197,-0.01184,-0.19546,0.00437,-0.00304,0.00400,-0.00000,-0.00000,0.00283,0.00004,-0.18448,0.04673,-0.34244,-0.00001,-0.00012,-0.00738,0.14395,0.00058,0.00000,0.04159,-0.00090,-0.00133,0.00012,0.00063,-0.00000,0.01331,-0.00003,0.00096,0.00375,0.00001,-0.00000,-0.19764,-0.00449,0.00001,-0.01064,-0.16197,-0.00088,-0.00356,0.00205,-0.01288,-0.01732,0.00436,-0.00778,-0.00024,-0.00037,-0.04192,-0.65210,0.00118,-0.00140,-0.00391,0.00580,-0.00014,-0.00000,0.00003,0.03119,0.99971,-0.01742,-0.05020,0.03896,-0.00752,0.00006,-0.98548,0.00082,-0.00003,0.04542,0.00001,-0.00000,-0.52671,-0.00007,-0.01132,0.00001,0.02813,-0.67068,0.55639,0.00043,0.00007,0.91735,-0.00000,0.97457,-0.00520,-0.41776,-0.70042,-0.03131,-0.02192,0.00176,-0.00001,0.28599,0.01797,-0.00527,-0.64991,-0.35317,-0.99850,0.36567,-0.00001,0.02244,-0.00000,0.00008,-0.48647,0.00013,0.00088,0.00175,0.01207,0.00014,0.89254,0.00000,0.53436,0.03702,-0.00000,0.00307,-0.00049,0.61823,0.00013,0.27976,-0.04927,0.00324,-0.00579,-0.00307,-0.60679,0.00012,0.00000,-0.00001,-0.00370,0.50781,0.00044,0.00007,0.00000,-0.00003,-0.00193,-0.00003,0.00256,0.00067,0.00003,-0.00001,-0.00052,0.00005,0.71062,-0.00001,-0.01309,-0.00250,-0.50411,0.06518,-0.15510,-0.02667,-0.00000,0.00038,0.00042,-0.00000,0.00181,0.07072,-0.00005,-0.00139,0.00828
gs://wdp-ds-data/dolphin_ogg/080808Sb_RegPCA110.ogg	155648	164402	3	0.00000,0.10261,-0.04218,0.00016,-0.06057,0.00030,0.92867,0.00016,-0.22163,-0.00331,0.00010,0.00002,0.00001,-0.92104,-0.10118,0.00000,-0.00114,-0.00062,0.00218,-0.14420,0.00000,0.00086,0.00001,-0.95455,-0.00000,0.01896,-0.00000,-0.15970,-0.38060,-0.00000,-0.01188,-0.00008,-0.00001,-0.00065,-0.23763,0.00420,0.05391,0.00000,-0.00001,-0.00002,0.54871,-0.00043,-0.00001,-0.00016,-0.00077,0.00484,-0.43835,-0.63832,-0.00000,0.01816,0.00000,0.05510,-0.00000,-0.98630,-0.03519,-0.00000,-0.00012,-0.20056,0.01554,-0.00182,-0.39854,-0.00115,0.00000,-0.00000,0.24769,-0.00105,-0.00008,-0.00034,-0.00471,-0.00001,-0.00000,-0.00047,0.00674,0.31087,-0.01786,0.95622,0.41276,0.28869,0.00068,0.06432,0.37916,0.00160,0.00000,-0.96651,0.00011,0.00026,0.09564,-0.00001,-0.05462,-0.00000,0.37806,0.00144,0.00002,-0.00000,0.03101,0.00434,0.00009,-0.00001,0.38054,-0.00211,-0.00206,-0.00049,-0.68271,-0.00000,0.97774,-0.00059,-0.00345,0.00001,-0.00544,-0.00055,-0.00025,0.00036,0.00028,-0.00481,-0.20400,0.02060,-0.60822,0.00001,-0.04769,0.16630,0.12886,0.00019,0.00000,0.67269,-0.00031,0.00757,-0.00201,0.00014,-0.00001,0.00014,-0.00001,0.00017,-0.02246,0.00000,0.00004,-0.47112,0.00001,-0.00000,-0.00361,-0.00432,-0.02844,-0.00316,0.00004,-0.00039,0.00006,-0.00092,-0.01685,-0.99638,-0.02046,-0.00183,-0.58738,-0.01197,-0.05631,-0.00001,0.00417,-0.00001,0.00000,0.00183,0.01632,0.79049,-0.46063,-0.01367,0.00157,-0.08262,-0.00020,-0.23536,0.02975,-0.00006,0.00205,0.00000,-0.00000,0.01176,-0.00005,-0.05429,0.00000,0.01424,-0.99961,0.09110,0.00001,0.00019,0.02622,-0.00000,0.70991,0.89526,-0.35118,-0.06904,-0.00230,-0.05071,0.00847,-0.00141,0.04275,0.00089,-0.00041,-0.22741,-0.32184,-0.99961,0.02586,-0.00001,0.10042,-0.00001,0.00334,0.00275,0.04770,0.04326,0.00097,0.00005,0.01580,0.26841,-0.00000,0.11994,0.00956,-0.00000,0.00000,-0.10253,-0.00528,0.00212,0.38698,-0.00295,0.00004,-0.03596,-0.00034,-0.63810,0.00132,0.00000,-0.00015,-0.02157,0.87878,0.00002,0.00000,0.00000,-0.00107,-0.00005,-0.00438,-0.44019,0.00000,-0.03894,-0.00000,-0.03020,-0.00000,0.91895,-0.00003,-0.00135,-0.00522,-0.29933,0.00384,-0.00106,-0.00260,-0.00000,0.00001,0.01258,-0.00003,0.00001,0.00423,-0.00000,-0.00046,0.00038
gs://wdp-ds-data/dolphin_ogg/080808Sb_RegPCA110.ogg	159744	168498	0	-0.00002,0.79614,-0.00451,-0.00247,-0.00661,0.00000,0.99253,0.00009,-0.89327,-0.00008,-0.00057,0.00000,-0.00003,-0.99848,-0.00906,0.00002,-0.00009,0.00113,0.02184,0.13951,0.00001,0.00053,0.00000,-0.78935,0.00000,0.02182,-0.00001,-0.19030,-0.62334,-0.00006,-0.00070,-0.00174,-0.00967,-0.00001,-0.28181,0.02720,0.88185,-0.00004,-0.00008,-0.00003,0.16576,-0.00232,0.00118,0.00006,-0.00240,0.02453,-0.86310,-0.67465,0.00024,0.12089,0.00000,0.05153,-0.00000,-0.98617,-0.00352,-0.00011,-0.00561,-0.00027,0.00069,-0.00048,-0.04348,-0.00217,0.00000,-0.00000,0.96760,0.00000,0.00027,-0.58849,-0.00003,-0.00000,-0.00019,-0.00001,0.67326,0.95317,0.02904,0.00866,0.03240,0.76294,0.00035,0.11300,0.19787,0.00004,0.00000,-0.00028,0.00002,-0.00000,0.95116,-0.00000,0.60481,0.00000,0.00006,0.00012,0.00000,0.00000,0.86811,0.02967,0.00016,-0.00000,0.41307,-0.20949,-0.00037,-0.00000,-0.90712,-0.00399,0.90900,-0.01015,-0.76324,0.00078,-0.01563,-0.01462,-0.00001,-0.00034,0.00015,-0.44607,-0.07453,0.00082,-0.71637,-0.00000,-0.00008,0.13354,0.16116,0.00013,0.00000,0.74880,-0.00010,-0.00046,0.00008,0.03061,0.00000,0.05829,0.00001,-0.00014,-0.29281,0.00002,0.00190,-0.52745,-0.02884,-0.00002,-0.00016,-0.30712,-0.00020,-0.02066,0.00014,-0.02151,0.02928,-0.00029,-0.00360,-0.00053,-0.73032,-0.00002,-0.99614,-0.00048,-0.00001,-0.00000,0.05527,-0.00004,0.00007,0.00087,-0.00034,0.09560,-0.00347,-0.15098,0.14771,-0.00597,-0.00162,-0.99979,0.00766,-0.00002,0.39401,0.00000,-0.00000,0.99561,-0.00446,-0.01277,0.00000,0.00293,-0.99599,0.18398,0.00266,0.00097,0.99978,-0.00000,0.99996,0.95478,-0.32833,-0.00345,-0.23487,-0.01700,0.01234,-0.00001,-0.43045,0.01836,-0.01749,-0.79953,-0.96626,-0.99953,0.59897,-0.00022,0.00220,-0.00000,0.00081,-0.20956,0.00770,0.00125,0.00010,0.00202,0.00014,0.78765,0.00000,0.08782,0.00008,-0.00109,0.00056,-0.00008,0.57434,0.00437,0.13825,-0.00135,0.00027,-0.05449,-0.00264,0.13315,0.06726,0.00000,-0.00316,-0.07627,0.29413,-0.00004,-0.00044,0.00000,-0.00052,-0.00019,-0.00070,-0.00002,0.00159,0.00001,-0.00000,-0.00366,0.00016,-0.20234,-0.00000,-0.15239,-0.02660,-0.35334,0.57285,-0.02089,-0.00024,-0.00001,0.00001,0.00125,-0.00131,0.00002,0.00003,-0.00028,-0.45737,0.00297
gs://wdp-ds-data/dolphin_ogg/080808Sb_RegPCA110.ogg	765952	774706	1	-0.00001,0.96995,-0.00125,-0.00044,-0.00616,0.00000,-0.99499,0.00028,-0.92611,-0.00052,-0.00033,0.00000,-0.00000,-0.99599,-0.00865,0.00003,-0.00002,0.00152,0.00000,-0.90219,0.00002,0.00022,0.00000,-0.81052,0.00000,0.00144,-0.00000,-0.03787,-0.00548,-0.00001,-0.00160,-0.00007,-0.00002,-0.00001,-0.02866,0.85121,0.01127,0.00012,-0.00094,-0.00004,0.99997,-0.00015,0.00004,-0.00001,-0.00051,-0.01580,0.57178,-0.02161,0.00057,0.02731,0.00000,0.28640,-0.00000,-0.97609,-0.00105,-0.00007,-0.00002,-0.00165,-0.00011,-0.00002,-0.00005,-0.00010,0.00000,-0.00000,0.46846,0.00000,0.00007,-0.38495,-0.00001,-0.00000,-0.00005,-0.00001,0.49715,0.38240,0.00006,0.02028,0.09813,-0.74328,0.00460,0.08243,0.99903,0.00013,0.00019,-0.99503,0.00004,-0.00000,0.96931,-0.00271,-0.94286,-0.00000,0.00034,0.00009,0.00003,0.00000,-0.09781,0.00333,0.00000,-0.00000,0.16804,-0.86456,-0.00025,-0.00007,-0.98595,-0.00000,0.96212,-0.00720,-0.06022,0.00148,-0.01243,0.00030,-0.00000,-0.00000,0.00048,-0.29002,-0.36459,0.00014,0.10452,-0.00000,-0.00000,0.01436,0.00569,0.00028,0.00000,0.27349,-0.00013,0.00000,0.00052,0.12379,-0.00001,0.00045,-0.00000,0.00005,-0.99149,0.00000,0.00002,0.02309,-0.00116,0.00043,-0.00032,-0.00866,-0.00305,-0.01311,0.00042,-0.00222,0.00124,-0.00276,-0.03345,-0.00003,-0.00710,-0.03776,0.97055,-0.00066,-0.00000,-0.00007,0.03439,-0.00014,-0.00017,0.00006,-0.00068,0.01754,-0.00889,-0.06053,0.04483,-0.00036,-0.00073,-0.98231,0.00029,-0.00001,0.05373,0.00005,-0.00001,0.22070,-0.00166,-0.87878,0.00006,0.00051,-0.48910,0.33261,0.00848,0.00002,0.06729,-0.00000,0.99840,-0.01502,-0.68356,-0.00211,-0.33227,-0.00140,-0.00299,-0.00032,-0.04511,0.00118,0.01896,0.97629,-0.88050,-0.99906,-0.99774,-0.00000,0.21175,-0.00000,0.00026,-0.01468,0.00003,0.00521,0.00211,-0.00010,0.00021,0.59225,0.00000,0.15264,0.00090,-0.00000,0.00142,-0.00002,-0.05510,0.00000,-0.00348,-0.00003,0.00008,-0.00087,-0.00091,-0.55244,0.00163,0.00000,-0.00020,-0.06931,0.27880,-0.00022,-0.00005,0.00006,-0.00001,-0.00001,-0.00000,-0.00044,0.00001,0.00016,-0.00000,-0.00530,0.00006,0.98816,-0.00000,-0.27234,-0.03932,-0.06338,0.10037,-0.01222,-0.00011,0.00000,0.00001,0.00014,-0.00001,0.00018,0.00114,-0.00023,-0.02759,0.00130
gs://wdp-ds-data/dolphin_ogg/080808Sb_RegPCA110.ogg	790528	799282	2	0.00001,0.95639,-0.00000,0.00001,-0.10879,0.15834,0.07063,0.20772,0.03458,-0.00583,0.00019,0.00006,-0.96981,-0.00171,0.01142,0.00029,-0.00044,-0.00046,0.00000,0.99758,0.00736,0.00509,0.00004,-0.99665,0.00000,0.00014,0.20344,-0.00082,-0.02812,-0.00001,-0.01297,-0.00487,-0.00000,-0.10587,-0.00071,0.00000,0.00000,-0.00000,-0.00000,0.00101,0.99037,-0.12576,-0.25072,-0.00000,-0.00112,0.01467,-0.00042,0.61526,-0.00000,0.02977,0.00000,0.55556,-0.00000,-0.00331,0.04100,-0.00001,-0.00000,-0.98619,0.02072,-0.00002,-0.02101,-0.00186,0.00000,-0.00001,0.00000,-0.00003,-0.00465,0.00000,-0.41396,-0.00165,-0.00182,-0.00001,0.00134,0.90797,-0.00005,0.99998,0.36311,0.88734,0.12871,-0.01519,0.46542,0.00000,0.00000,-0.99859,0.73432,-0.03513,0.02482,-0.00027,0.09664,-0.00000,0.43623,0.03360,0.00001,-0.00000,0.11393,-0.00189,-0.41223,-0.00013,0.90860,-0.00011,-0.00001,-0.96120,-0.90860,-0.00000,0.14911,-0.00393,-0.00014,0.00000,-0.00936,-0.07606,-0.00684,0.00000,0.01137,-0.00036,-0.37095,0.00006,0.97842,0.00000,-0.00259,0.00940,0.00490,0.04531,0.00000,-0.94026,-0.98393,0.00001,-0.00039,0.00534,-0.01152,0.00000,-0.00001,0.00002,-0.95161,0.00000,0.03207,0.46309,0.00004,0.00083,-0.00002,-0.00001,0.01956,-0.00001,0.00066,-0.00000,0.00000,-0.02138,-0.92722,-0.99913,-0.16685,-0.00018,0.29819,-0.00077,-0.13303,-0.00113,0.04176,-0.72567,0.00003,0.00082,-0.04396,0.05229,-0.99871,-0.00073,0.00209,-0.00001,-0.00005,-0.00688,0.00636,0.00000,-0.00172,0.00000,-0.00000,0.00519,-0.00107,-0.00087,0.00080,-0.14298,-0.99961,0.00527,0.00027,0.00001,0.00002,0.00000,0.03024,0.99998,0.77287,-0.14363,0.00931,-0.67579,-0.00029,0.00328,-0.02791,-0.96846,-0.00062,-0.03727,-0.11439,-0.99692,-0.49208,-0.00000,0.19978,0.00940,0.01736,0.00735,0.53059,0.01900,0.01991,-0.00000,0.01064,0.97963,0.00000,0.36329,0.36013,-0.00000,0.99886,-0.68907,-0.00001,0.05130,0.45338,-0.00000,0.00011,-0.00334,-0.00238,0.93966,0.00280,0.00000,-0.00203,-0.33127,0.67916,-0.00348,0.00001,0.00000,-0.00010,0.00007,-0.39726,0.00119,0.00000,-0.36560,0.00321,-0.90327,-0.00000,0.99901,-0.00017,-0.00000,-0.00109,0.62862,0.00000,-0.00032,-0.00562,0.00000,0.00004,0.02979,-0.00001,0.00199,0.04973,-0.00000,-0.00366,0.00000
gs://wdp-ds-data/dolphin_ogg/080808Sb_RegPCA110.ogg	794624	803378	2	-0.00008,0.96584,-0.01705,0.00004,-0.00181,0.00000,0.88235,0.00017,0.51563,-0.00028,0.00023,0.00000,0.00000,-0.97634,0.07805,0.00000,-0.00168,0.00036,0.08552,0.84530,0.00000,0.00072,0.00000,-0.76431,0.00000,0.00421,0.00047,-0.15075,-0.00002,-0.00000,-0.00004,-0.00031,-0.00017,-0.00000,-0.10584,0.00001,0.00000,0.00019,-0.00000,-0.00021,0.00065,-0.00709,0.00073,-0.00021,-0.00107,0.02291,-0.99641,-0.00060,0.00005,0.00068,0.00000,0.31735,-0.00000,-0.86074,-0.00028,-0.00000,-0.00400,-0.00066,-0.00723,-0.00000,-0.12606,-0.00000,0.00120,-0.00000,0.12999,-0.00008,0.00004,-0.00051,-0.00005,-0.00000,-0.00028,-0.00000,0.64677,0.00892,-0.00001,0.00034,0.06056,0.51029,0.00058,0.01590,0.99801,0.06595,-0.00000,-0.00000,0.00000,-0.00023,0.53399,-0.00300,0.77664,-0.00000,0.00678,0.00006,0.00070,0.00000,0.09800,0.00055,0.00000,-0.00045,0.00018,0.00000,-0.00169,-0.00003,0.90573,-0.00000,-0.56366,-0.12611,-0.02263,0.00032,0.00000,-0.00013,-0.00031,-0.00000,0.00005,-0.39060,-0.00838,0.00001,-0.80240,-0.00000,-0.00000,-0.02574,0.11644,0.00015,0.00000,0.63599,-0.00005,-0.00012,-0.00011,0.05181,-0.00001,0.00180,-0.00015,0.00164,-0.60761,0.00000,0.00000,-0.03943,-0.00003,0.00000,-0.01254,-0.00336,-0.00813,-0.00862,0.00014,-0.00097,-0.00015,0.00001,-0.00041,-0.00006,-0.00000,-0.00010,-0.96725,-0.00011,-0.00003,-0.00013,0.00351,-0.00000,-0.00000,0.00047,-0.00390,0.28899,-0.00185,-0.00276,0.00050,-0.00388,-0.00014,-0.05314,0.00067,-0.00005,0.74179,0.00000,-0.00000,0.97106,-0.00004,-0.00010,0.00000,-0.00422,-0.88897,0.00470,0.00001,0.00020,0.11856,-0.00000,0.02040,0.99984,0.96842,-0.00000,-0.18981,-0.03872,0.00052,0.07512,-0.00736,-0.00001,-0.00070,-0.97601,-0.69090,-0.99878,0.99597,-0.00000,0.00135,-0.00003,0.00070,0.16816,0.00002,0.00695,0.00320,-0.00010,0.00014,0.00666,0.00000,0.00863,0.00571,-0.00002,0.00266,-0.00004,0.33496,-0.00025,0.99990,-0.00027,0.00978,-0.00634,-0.01295,0.09334,0.00001,0.00000,-0.00000,-0.00208,0.02097,0.00016,-0.19866,0.00000,-0.00176,-0.00003,-0.00000,0.00001,0.00001,0.00001,-0.00000,-0.00092,0.00002,0.61869,-0.00001,-0.68337,-0.03028,0.24366,0.02306,-0.00002,-0.00060,0.00000,0.01263,0.00002,-0.00000,0.00022,0.03655,-0.00020,-0.01313,0.05374
gs://wdp-ds-data/dolphin_ogg/080808Sb_RegPCA110.ogg	798720	807474	2	0.00003,0.97493,-0.00234,-0.00043,-0.01351,0.00000,-0.95778,0.00012,-0.93475,-0.00096,-0.00031,0.00000,0.00001,-0.99779,-0.01580,0.00000,-0.00020,0.00565,0.04738,-0.49571,0.00046,0.00009,-0.00000,-0.76584,0.00000,0.00110,-0.00001,-0.05621,-0.00004,-0.00000,-0.00010,-0.00028,-0.00001,-0.00000,-0.06844,0.00106,0.00018,0.00034,-0.00000,0.00007,0.18899,-0.00948,0.00068,-0.00007,-0.00001,0.03959,-0.99224,-0.00038,0.00288,0.01491,0.00000,0.05535,-0.00002,-0.94640,-0.00059,-0.00000,-0.00040,-0.00174,-0.00956,-0.00000,-0.00023,-0.00000,0.00007,-0.00000,0.12885,0.00000,0.00003,-0.01355,-0.00001,-0.00000,-0.00012,-0.00003,0.44302,0.00938,0.00000,0.00005,0.11851,-0.94318,0.00095,0.06192,0.06246,0.00473,-0.00000,-0.00018,0.00000,-0.00000,0.98208,0.02097,-0.71632,-0.00000,0.00025,0.00005,0.00004,0.00021,0.32846,0.00254,0.00000,-0.00002,0.47913,0.00002,-0.00078,-0.00002,-0.93242,-0.00000,-0.79222,-0.02208,-0.04941,0.00679,0.00003,0.00017,-0.00001,-0.00000,0.00054,-0.22265,-0.00215,0.00002,-0.11785,-0.00000,-0.00000,0.03971,0.08195,0.00638,0.00001,0.46160,-0.00035,-0.00000,0.00007,0.99827,-0.00000,0.02143,-0.00009,0.00020,-0.01115,0.00000,0.00001,-0.20045,-0.00007,-0.00000,-0.00053,-0.00973,-0.00077,-0.04006,0.00071,-0.01369,0.04455,-0.00038,-0.00920,-0.00002,-0.00001,-0.00004,-0.70488,0.00001,-0.00001,-0.00007,0.08902,-0.00000,-0.00012,0.00002,-0.00264,0.03706,-0.00039,-0.19416,0.17149,-0.00123,-0.00110,-0.99982,0.00063,-0.00001,0.98287,0.00000,-0.00002,0.99175,0.00540,-0.00150,0.00010,0.00015,-0.04410,0.07039,0.00115,0.00010,0.26979,-0.00000,0.98211,0.99993,-0.86947,-0.00036,-0.55279,-0.00007,-0.00122,-0.00031,-0.03776,-0.00190,0.00189,-0.13275,-0.94303,-0.99949,-0.99934,-0.00000,0.04155,-0.00000,0.00050,0.10878,0.00001,0.00082,0.00108,-0.00010,0.00002,0.13269,0.00000,0.38883,0.00095,-0.00020,0.09341,-0.00006,-0.30448,0.00001,0.99964,-0.00003,0.00350,-0.00198,-0.00090,-0.03186,-0.00001,0.00000,-0.00000,-0.00804,0.04109,0.00049,-0.93670,0.00065,-0.00123,-0.00061,-0.00000,-0.00000,0.00076,0.00008,0.00000,-0.00073,0.00012,0.82269,0.00000,-0.68725,-0.08354,-0.79569,0.22305,0.00010,-0.00045,0.00008,0.00009,-0.00003,-0.00000,0.00054,0.00070,-0.00992,-0.00356,-0.01000
gs://wdp-ds-data/dolphin_ogg/080808Sb_RegPCA110.ogg	925696	934450	2	0.00003,0.29673,-0.00000,0.00000,-0.78658,0.01156,0.00269,0.00005,0.00594,-0.05039,0.00001,0.11537,-0.91946,-0.00001,0.43080,0.00594,0.00746,0.01136,0.00014,0.86637,0.34654,-0.17551,0.00000,-0.99939,0.00000,0.00025,0.01456,-0.00286,-0.00006,-0.00166,-0.87131,0.00036,-0.00000,-0.00020,-0.00023,0.00000,0.00000,-0.00000,-0.00000,0.94622,0.92919,-0.85920,-0.18097,-0.00001,-0.00003,0.00302,-0.01075,0.08870,-0.00000,0.07289,-0.00000,0.34387,-0.00000,-0.00259,0.20922,-0.00000,-0.01207,-0.99700,0.01426,-0.00099,-0.00071,-0.00041,0.00001,-0.00001,0.00000,-0.00000,-0.02064,0.00000,-0.00902,-0.00067,-0.94461,-0.00004,0.00106,0.39125,-0.00257,0.95870,-0.00011,0.96637,0.01772,0.01940,0.14559,0.00000,0.00000,-0.99665,-0.59954,-0.09847,0.00010,-0.00003,0.87390,-0.00000,0.82544,0.04353,0.00002,-0.00000,0.84647,-0.00009,-0.07197,-0.00385,0.99868,-0.00001,-0.00003,-0.04510,-0.82133,-0.42995,0.01934,-0.05581,-0.00013,0.00000,-0.00017,-0.00040,-0.03955,0.00001,0.00214,-0.00082,-0.05380,0.00000,0.86953,0.00000,-0.00059,0.96616,0.00878,0.02027,-0.00000,-0.91674,-0.99978,0.00000,-0.00057,0.47591,-0.00276,0.00000,-0.00000,0.00003,-0.11974,-0.00000,0.00972,0.85552,0.00016,0.00000,-0.00003,-0.00002,0.00289,-0.00004,0.00001,-0.00004,0.00000,-0.00076,-0.00135,-0.99651,-0.66536,-0.00001,0.00937,-0.01842,-0.61272,-0.00007,0.25292,-0.67722,0.00031,0.01673,-0.00177,0.31077,-0.99968,-0.00072,0.00311,-0.00004,-0.00006,-0.00004,0.00434,-0.00000,-0.00242,0.00000,-0.00000,0.00012,-0.00069,-0.96420,0.00009,-0.00077,-0.99980,0.01912,0.00000,0.00000,0.00000,0.00000,0.01536,0.99999,0.47945,-0.00040,0.17636,-0.75256,-0.00004,0.00167,0.05517,-0.54205,0.00030,-0.88938,-0.70896,-0.99982,-0.89047,-0.00140,0.04639,0.02034,0.00190,-0.00164,0.14393,0.00097,0.03112,-0.00001,-0.14078,0.41987,0.00000,0.07314,0.75825,-0.00000,0.99923,-0.96891,-0.00000,0.00156,0.77369,-0.00000,0.00012,-0.00053,-0.00771,0.89419,0.00001,0.00000,-0.00654,-0.71465,0.71844,0.00231,-0.00103,0.00000,-0.00614,0.00005,-0.00033,-0.00001,0.00000,-0.00174,-0.00012,-0.55786,0.00000,0.98955,0.00005,-0.00389,-0.00010,0.79325,0.00000,-0.00000,-0.00184,0.00002,0.00376,0.00056,-0.00000,0.00016,0.18240,-0.00000,-0.00487,0.00000
gs://wdp-ds-data/dolphin_ogg/080808Sb_RegPCA110.ogg	929792	938546	0	-0.00020,0.96754,-0.00333,-0.00001,-0.00081,0.00000,0.85303,0.00024,0.94828,-0.00011,0.00000,0.00000,0.00002,-0.99529,0.10362,0.00000,-0.00228,0.00062,0.24087,0.99961,0.00003,0.00018,0.00000,-0.76613,0.00000,0.00400,0.00000,-0.06276,-0.00009,-0.00000,-0.00005,-0.00020,-0.00016,-0.00000,-0.08125,0.00015,-0.00000,0.00213,-0.00000,-0.00001,0.05506,-0.00199,0.00054,-0.00013,-0.00059,0.00453,-0.15885,0.00104,0.00031,0.00144,0.00000,0.16215,-0.00000,-0.57829,0.00081,-0.00000,-0.00246,-0.00084,-0.00679,-0.00000,-0.01430,-0.00000,0.00013,-0.00001,0.10906,-0.00001,0.00015,-0.00291,-0.00000,0.00000,-0.00160,-0.00000,0.46653,0.02165,-0.00001,0.00021,0.37489,-0.15408,0.00025,0.11422,0.28170,0.00597,-0.00000,-0.00000,0.00000,-0.00012,0.88638,-0.00068,0.91018,-0.00000,0.01982,0.00007,0.00008,0.00001,0.99710,0.00059,0.00000,-0.00011,0.00035,0.00001,-0.00308,-0.00005,-0.90733,-0.00000,-0.59732,-0.35398,0.03931,0.00082,0.00000,-0.00015,-0.00007,-0.00000,0.00003,-0.54464,-0.00033,0.00005,-0.84689,-0.00000,-0.00000,0.01350,0.17777,0.00029,0.00000,0.70318,-0.00029,-0.00004,-0.00010,0.03575,-0.00001,0.00199,-0.00048,0.00010,-0.57436,0.00000,0.00000,-0.08862,-0.00010,-0.00000,-0.00458,-0.00733,-0.00202,-0.01451,0.00111,-0.00086,-0.00032,0.00003,-0.00015,-0.00025,-0.00000,-0.00001,-0.44512,-0.00007,-0.00002,-0.00002,-0.00152,-0.00001,0.00000,0.00046,-0.00175,0.05039,-0.00035,-0.02392,0.00587,-0.00104,-0.00019,-0.15314,0.00114,-0.00000,0.99577,0.00000,-0.00000,0.95749,0.00062,-0.00022,0.00000,-0.00478,-0.94483,0.00477,0.00000,0.00023,0.62088,-0.00000,0.04404,0.99981,0.99468,-0.00000,-0.30486,-0.04083,-0.00039,0.22690,-0.00346,-0.00008,0.00031,-0.91542,-0.56282,-0.99979,0.98630,-0.00003,-0.00197,-0.00099,0.00077,0.46423,0.00001,0.00122,0.00273,-0.00004,0.00002,0.04635,0.00000,0.08898,0.00640,-0.00004,0.00446,-0.00004,0.78434,0.00026,0.99994,-0.00006,0.00405,-0.00656,-0.00617,0.98035,-0.00001,0.00000,-0.00000,-0.00212,0.00617,0.00146,-0.99575,0.00000,-0.00077,-0.00007,-0.00000,0.00000,0.00002,0.00000,-0.00000,-0.00095,0.00003,0.67312,-0.00000,-0.65424,-0.03448,-0.81545,0.04574,-0.00001,-0.00064,0.00000,0.19994,0.00002,-0.00000,0.00020,0.47067,-0.00021,-0.00210,0.00655
gs://wdp-ds-data/dolphin_ogg/080808Sb_RegPCA110.ogg	933888	942642	3	-0.00000,0.13675,-0.00070,0.00018,-0.14488,0.01199,-0.11576,0.00044,-0.06153,0.33024,0.00038,0.74683,-0.08063,-0.95009,0.16778,0.00664,-0.00036,0.12056,0.02732,-0.97322,0.00227,0.01451,0.00000,-0.99987,0.00000,0.00504,0.00008,-0.00202,-0.00000,-0.00011,-0.84713,0.00015,-0.00000,-0.00000,-0.00013,0.00254,0.00000,0.00000,-0.00000,0.76689,0.95491,-0.46936,-0.12162,-0.00002,-0.00008,0.00853,-0.99800,-0.00418,0.00000,0.49407,0.00000,0.86249,-0.00000,-0.01296,-0.00902,-0.00000,-0.00004,-0.82183,-0.09118,-0.00000,-0.00192,-0.00043,0.00000,-0.00000,0.00179,-0.00001,-0.00615,-0.10309,-0.05293,-0.00102,-0.43500,-0.00045,0.54960,0.00712,-0.00038,0.07659,0.40963,-0.80464,0.00663,0.06594,0.35601,0.00005,0.00000,-0.99980,-0.01297,-0.00108,0.63755,-0.00013,0.85746,-0.00000,0.96291,0.02825,0.00308,-0.00000,0.99741,0.00083,-0.00184,-0.00739,0.99999,-0.00000,-0.00000,-0.00091,-0.67280,-0.28045,-0.00296,-0.01062,-0.00030,0.00000,-0.00000,-0.00021,-0.00925,0.00025,0.00043,-0.00603,-0.00102,0.00000,-0.07075,0.00000,-0.00007,0.96281,0.44714,0.29061,0.00000,-0.74853,-0.99724,0.00000,-0.00002,0.99952,-0.00207,0.00000,-0.00002,0.00003,-0.01228,0.00000,0.00026,-0.91741,-0.00004,0.00000,-0.00001,-0.00000,-0.00022,-0.00119,0.00007,-0.00035,0.00613,-0.00015,-0.17015,-0.99362,-0.00177,-0.00005,-0.30486,-0.00073,-0.00710,-0.00005,0.31948,-0.39210,0.00137,0.00011,-0.00025,0.13396,-0.72095,-0.18490,0.12138,-0.00238,0.00054,-0.72731,0.01731,-0.00002,0.99916,0.00000,-0.00000,0.00394,0.00321,-0.96295,0.00003,0.00002,-0.98567,0.00691,0.00005,0.00002,0.12237,0.00000,0.99895,0.34403,-0.20473,-0.00000,0.02091,-0.12126,-0.00004,0.00365,-0.82009,-0.00264,0.00011,0.34313,-0.91294,-0.99981,0.82763,-0.00190,0.07000,0.03031,0.13617,0.10696,0.49842,0.04083,0.02287,-0.00005,-0.00177,0.00778,0.00000,0.06349,0.54704,-0.00000,0.16662,-0.99312,-0.00138,0.00331,0.99915,-0.00000,0.00056,-0.00040,-0.00355,-0.55063,0.00000,0.00000,-0.00004,-0.07794,0.24019,0.00622,-0.00174,-0.00000,-0.00208,0.00258,-0.00000,0.00096,0.00000,-0.00000,-0.00002,-0.00601,0.00000,0.99746,-0.00009,-0.15320,-0.00163,-0.96987,0.00440,-0.00001,-0.00102,-0.00003,0.02416,0.00005,-0.00000,0.00013,0.00021,-0.00001,-0.01864,0.00000
gs://wdp-ds-data/dolphin_ogg/080808Sb_RegPCA110.ogg	937984	946738	0	-0.00007,0.99373,-0.00290,-0.00003,-0.00202,0.00000,-0.91193,0.00004,0.36824,-0.00008,0.00026,0.00000,0.00000,-0.99362,0.12498,0.00000,-0.00035,0.00018,0.07646,0.99193,0.00000,0.00005,0.00000,-0.80816,0.00000,0.00104,0.00003,-0.52962,-0.00013,-0.00000,-0.00003,-0.00067,-0.00018,-0.00000,-0.16453,0.00000,0.00000,0.00017,0.00000,-0.00000,0.00019,-0.01814,0.00082,-0.00002,-0.00023,0.05846,-0.94223,0.00012,0.00020,0.00260,0.00000,0.13431,-0.00000,-0.87158,0.00321,-0.00000,-0.00037,-0.00432,-0.00018,-0.00000,-0.06253,-0.00000,0.00058,-0.00001,0.00836,-0.00008,0.00002,-0.00024,-0.00000,0.00000,-0.00034,-0.00000,0.68381,0.00886,-0.00001,0.00091,0.00081,-0.99145,0.00477,0.11921,0.99491,0.00076,-0.00000,-0.00000,0.00001,-0.00010,0.30413,-0.00404,0.94918,-0.00000,0.00229,0.00007,0.00016,0.00000,0.44818,0.00019,0.00000,-0.00004,0.00112,0.00000,-0.00178,-0.00005,-0.91354,-0.00000,-0.27183,-0.18524,0.00492,0.00018,0.00000,-0.00001,-0.00008,-0.00000,0.00019,-0.06988,-0.01925,0.00001,-0.94941,-0.00000,-0.00000,0.00330,0.56587,0.00040,0.00000,0.58073,-0.00045,-0.00006,-0.00017,0.08584,-0.00009,0.00204,-0.00007,0.00027,-0.99998,0.00000,0.00000,-0.02760,-0.00002,-0.00000,-0.00088,-0.00338,-0.00368,-0.00080,0.00088,-0.00027,-0.00014,0.00002,-0.01840,-0.00001,-0.00000,-0.00022,-0.99986,-0.00001,-0.00000,-0.00005,0.00296,-0.00007,-0.00000,0.00003,-0.01676,0.63188,-0.00014,-0.00053,0.01345,-0.00008,-0.00009,-0.21300,0.00026,0.00000,0.96045,0.00000,-0.00000,0.96443,0.00014,-0.00008,0.00000,-0.00156,-0.49317,0.00605,0.00001,0.00005,0.76889,-0.00000,0.04430,0.99989,0.99150,-0.00005,-0.01506,-0.05519,-0.00040,0.00322,-0.01885,-0.00095,-0.00028,-0.87149,-0.29058,-0.99966,0.99555,-0.00001,0.00582,-0.00010,0.00071,-0.12746,0.00000,0.00174,0.00398,-0.00004,0.00011,0.15782,0.00000,0.12096,0.10160,-0.00000,0.01534,-0.00013,0.03607,-0.00003,0.87408,-0.00010,0.05079,-0.00098,-0.01089,0.85298,0.00001,0.00000,-0.00000,-0.00038,0.04529,0.00041,-0.65523,0.00000,-0.00015,-0.00002,-0.00000,0.00000,0.00117,0.00001,-0.00000,-0.00067,0.00004,0.96861,-0.00004,-0.27639,-0.02673,0.80181,0.01332,-0.00006,-0.00034,0.00000,0.00089,0.00007,-0.00000,0.00502,0.00561,-0.00197,-0.00469,0.02155
gs://wdp-ds-data/dolphin_ogg/080808Sb_RegPCA110.ogg	942080	950834	0	0.00003,0.96341,-0.01000,-0.00019,-0.00917,0.00000,-0.97058,0.00011,-0.94074,-0.00175,0.00023,0.00000,0.00000,-0.99892,-0.01278,0.00000,-0.00003,0.00107,0.00762,-0.99590,0.00023,0.00005,0.00000,-0.79999,0.00000,0.00193,-0.00000,-0.29595,-0.00008,-0.00000,-0.00030,-0.00006,-0.00011,-0.00000,-0.26298,0.00043,0.00633,0.00034,-0.00000,0.00002,0.15207,-0.00662,0.00073,-0.00000,-0.00008,0.14871,-0.98606,-0.00187,0.00426,-0.02640,0.00000,0.01774,-0.00000,-0.98690,-0.00504,-0.00000,-0.00044,-0.00259,-0.00316,-0.00000,-0.00046,-0.00000,0.00004,-0.00001,0.24072,0.00000,0.00003,-0.01181,-0.00018,-0.00000,-0.00004,-0.00003,0.66457,0.05311,-0.00002,0.00063,0.01337,-0.98991,0.00095,0.65058,0.62164,0.00012,-0.00002,-0.00030,0.00001,-0.00000,0.95726,-0.00158,0.76324,-0.00000,0.00030,0.00015,0.00001,0.00027,0.83910,0.00128,0.00000,-0.00000,0.96313,0.00008,-0.00102,-0.00004,-0.96412,-0.00000,-0.87746,-0.03184,-0.03381,0.00622,0.00003,0.00028,-0.00000,-0.00000,0.00058,-0.09802,-0.11324,0.00001,0.39676,-0.00000,-0.00000,0.00996,-0.11853,0.00150,0.00000,0.26719,-0.00026,-0.00000,0.00019,0.90550,-0.00001,0.00476,-0.00002,0.00026,-0.79952,0.00000,0.00001,0.24365,-0.00017,-0.00000,-0.00014,-0.01549,-0.00213,-0.01013,0.00075,-0.01431,0.01451,-0.00092,-0.05003,-0.00000,-0.00001,-0.00254,-0.99558,-0.00002,-0.00001,-0.00029,0.03228,-0.00009,-0.00098,0.00002,-0.00427,-0.01768,-0.00071,-0.01927,0.27317,0.00520,-0.00112,-0.99932,0.00048,-0.00002,0.60357,0.00000,-0.00004,0.99554,0.00211,-0.00108,0.00016,0.00034,-0.14146,0.03458,0.00083,0.00006,0.85148,-0.00000,0.99962,0.99984,-0.86734,-0.00180,-0.37031,-0.00062,-0.00086,-0.00098,-0.02211,0.00573,0.00084,0.89614,-0.79317,-0.99941,-0.99825,-0.00005,0.05687,-0.00000,0.00020,-0.10850,0.00000,0.00353,0.00072,-0.00003,0.00009,0.40894,0.00000,0.30956,0.00590,-0.00002,0.02560,-0.00004,-0.18458,0.00000,0.69936,-0.00011,0.00329,-0.00949,-0.00224,-0.73529,0.00000,0.00000,-0.00000,-0.00816,0.46829,0.00021,-0.32991,0.00038,-0.00015,-0.00003,-0.00000,-0.00001,0.00071,0.00002,-0.00000,-0.00263,0.00011,0.17601,0.00000,-0.14261,-0.08139,-0.67367,0.09815,0.00002,-0.00088,0.00003,0.00007,-0.00012,-0.00000,0.00458,0.00007,-0.06176,-0.00944,0.01268
gs://wdp-ds-data/dolphin_ogg/080808Sb_RegPCA110.ogg	1589248	1598002	3	-0.00007,0.85174,-0.06033,-0.00006,-0.00970,0.00000,0.82327,0.00037,0.90173,-0.00010,-0.00004,0.00000,-0.00000,-0.98502,0.03936,0.00000,-0.00219,0.00045,0.03081,0.98558,0.00000,0.00259,0.00000,-0.76348,0.00000,0.00280,0.00006,-0.05105,-0.00021,-0.00000,-0.00004,-0.00058,-0.00225,-0.00000,-0.24262,0.04102,0.00001,0.00027,-0.00000,-0.00008,0.31802,-0.00084,0.00065,0.00000,-0.00225,0.00177,-0.57808,-0.02635,0.00008,0.00124,0.00000,0.55429,-0.00000,-0.96523,0.00103,-0.00003,-0.02069,-0.00023,-0.00732,-0.00000,-0.01701,-0.00000,0.00000,-0.00000,0.44846,-0.00000,0.00027,-0.01409,-0.00000,-0.00000,-0.00265,-0.00000,0.63660,0.05166,-0.00002,0.00039,0.11909,0.55753,0.00104,-0.05393,0.02949,0.00664,-0.00000,-0.03456,0.00001,-0.00007,0.96517,-0.00052,0.99999,-0.00000,0.00717,0.00005,0.00007,0.00000,0.99428,0.00134,0.00000,-0.00001,0.01218,-0.00293,-0.00108,-0.00004,0.94504,-0.00001,-0.78438,-0.09650,-0.06176,0.00005,-0.00002,-0.00016,-0.00003,-0.00000,0.00002,-0.54711,-0.00479,0.00001,-0.47177,-0.00001,-0.00003,0.04644,0.22127,0.00003,0.00000,0.70019,-0.00004,-0.00054,-0.00011,0.01568,-0.00001,0.00303,-0.00003,0.00065,-0.02296,0.00000,0.00014,-0.05384,-0.00094,0.00000,-0.00545,-0.00502,-0.00186,0.05962,0.00002,-0.00218,0.00005,0.00002,-0.00021,-0.00002,-0.00042,-0.00003,-0.08526,-0.00068,-0.00002,-0.00002,0.00182,-0.00000,-0.00000,0.00042,-0.00010,0.11802,-0.00447,-0.06330,0.00063,-0.00520,-0.00007,-0.06841,0.00092,-0.00000,0.52929,0.00000,-0.00000,0.97920,-0.00007,-0.11558,0.00000,-0.01144,-0.97544,0.00257,0.00002,0.00006,0.06169,-0.00000,0.23706,0.95343,0.92488,-0.00000,-0.43570,-0.13058,0.00191,0.00056,-0.01759,0.00029,-0.00120,-0.65080,-0.89287,-0.99970,0.99571,-0.00000,-0.00308,-0.00001,0.00013,0.14495,0.00002,0.00223,0.00012,-0.00011,0.00025,0.01622,0.00000,0.01139,0.00083,-0.00004,0.00228,-0.00001,0.43349,0.00073,0.99978,-0.00025,0.00038,-0.05775,-0.02009,0.89194,-0.00001,0.00000,-0.00006,-0.02136,0.09810,0.00003,0.00191,0.00000,-0.00041,-0.00001,-0.00000,-0.00012,0.00001,0.00000,-0.00000,-0.00214,0.00011,0.92013,-0.00000,-0.34237,-0.01439,0.27179,0.03513,-0.00001,-0.00102,0.00000,0.03977,0.00004,-0.00000,0.00001,0.96251,-0.00037,-0.05425,0.00443
gs://wdp-ds-data/dolphin_ogg/080808Sb_RegPCA110.ogg	1593344	1602098	3	-0.00000,0.22251,-0.06045,0.00942,-0.06376,0.00042,0.30963,-0.03082,-0.00688,-0.04698,-0.00002,0.00168,0.00257,-0.17049,-0.19295,0.00070,-0.00016,0.03066,0.25834,-0.72333,0.00002,0.00254,0.00000,-0.99692,0.00000,0.02053,0.00005,-0.00265,-0.00023,-0.00000,-0.35154,0.00077,-0.00000,-0.00000,-0.00064,0.36472,0.00001,0.00000,-0.00000,0.33824,0.71382,-0.19068,-0.00502,-0.00000,-0.00001,0.37258,0.96163,-0.01300,0.00001,-0.31647,0.00000,0.12596,-0.00000,-0.03513,-0.00067,-0.00000,-0.00017,-0.89683,-0.01458,-0.00014,-0.00112,-0.00001,0.00000,-0.00000,0.00173,0.00002,0.00031,-0.00944,-0.00009,-0.03794,-0.00164,-0.01721,0.24614,0.00020,-0.00391,0.20596,0.37163,-0.31347,0.00143,0.09493,0.15999,0.00015,-0.00000,-0.99956,-0.00014,-0.00001,0.00875,-0.00004,0.99992,-0.00000,0.62994,0.15604,0.00279,0.00000,0.99989,0.00469,-0.01405,-0.02543,0.99998,-0.00187,-0.00001,-0.00203,-0.67720,-0.00001,-0.01777,-0.00062,-0.00176,0.00000,-0.00020,-0.00612,-0.00787,-0.00023,0.00065,-0.00317,-0.00721,0.00006,-0.12377,-0.00000,-0.00732,0.03049,0.92522,0.10605,0.00000,0.87307,-0.98996,0.00000,-0.00006,0.98541,-0.00000,0.00007,-0.00002,0.00003,-0.00295,0.00000,0.00004,-0.89174,0.00001,0.00024,-0.00004,-0.00003,-0.00003,-0.00317,0.00025,-0.00126,0.00490,0.00042,-0.07356,-0.88747,-0.24190,-0.00020,-0.03592,-0.00122,-0.05045,-0.00046,0.24607,-0.03107,0.00014,0.00037,-0.00017,0.80937,-0.75102,-0.14748,0.03353,-0.05575,-0.00203,-0.87330,0.01879,-0.00016,0.96543,0.00000,-0.00000,0.00204,0.01034,-0.04012,0.00000,0.00005,-0.99899,0.25091,0.00084,0.00004,0.99832,-0.00000,0.99997,0.02153,-0.54987,-0.00000,-0.00676,-0.50212,-0.00012,0.04284,-0.47209,0.21812,-0.03144,-0.01699,-0.97201,-0.99836,0.23552,-0.00025,0.29401,0.00830,0.01766,-0.28365,0.64983,0.00286,0.03006,-0.00007,-0.01809,0.00290,0.00000,0.00655,0.30116,-0.00003,-0.00550,-0.89460,-0.00041,0.44146,0.99097,-0.00006,0.00037,-0.00246,-0.00149,0.10386,0.00000,0.00000,-0.00000,-0.02898,-0.23120,0.00056,-0.00125,0.00000,-0.00015,0.02535,-0.01562,0.00678,0.00000,-0.00002,-0.00004,-0.00940,0.00000,0.98324,-0.00039,-0.01488,-0.00252,-0.36496,0.00898,-0.00218,-0.00217,-0.00132,0.18550,0.00839,-0.00000,0.00013,0.02172,-0.00005,-0.00017,0.00000
gs://wdp-ds-data/dolphin_ogg/080808Sb_RegPCA110.ogg	1597440	1606194	3	-0.00000,0.99736,-0.00215,-0.00010,-0.00206,0.00000,-0.23490,0.00066,0.64079,-0.00067,0.00001,0.00000,0.00018,-0.98989,-0.50703,0.00000,-0.00293,0.00023,0.26236,0.98171,0.00000,-0.00040,0.00000,-0.77778,0.00000,0.00043,-0.00009,-0.26349,-0.00012,-0.00000,-0.00001,-0.00032,-0.00015,-0.00000,-0.13561,0.00019,-0.00006,0.00134,-0.00000,-0.00034,0.17487,-0.01959,0.00170,-0.00003,-0.00013,0.16297,-0.99903,-0.00153,0.00270,-0.00261,0.00000,0.00448,-0.00001,-0.61394,0.00037,-0.00001,-0.00529,-0.00797,-0.01369,-0.00004,-0.00899,-0.00000,0.00005,-0.00000,0.00140,0.00143,0.00002,-0.00113,-0.00002,0.00000,-0.00004,-0.00008,0.34989,0.00043,-0.00000,0.00121,0.00381,-0.15120,0.00135,0.03982,0.04703,0.11553,-0.00000,-0.00001,0.00003,-0.00003,0.02170,-0.00300,0.99520,-0.00000,0.00007,0.00016,0.00094,0.00003,0.22520,0.00048,0.00000,-0.00016,0.00142,0.00002,-0.00568,-0.00005,-0.87723,-0.00000,0.10546,0.01023,0.00665,0.00588,-0.00000,0.00043,-0.00014,-0.00000,0.00024,-0.08200,-0.00240,0.00049,0.98055,-0.00001,-0.00002,0.00084,0.98215,0.00182,0.00000,0.18301,-0.00326,-0.00049,0.00017,0.04699,-0.00001,0.00540,-0.00012,0.00301,-0.22290,0.00000,0.00000,0.03235,-0.00018,-0.00000,-0.00209,-0.00164,-0.00044,-0.00255,0.00829,-0.00191,-0.00005,-0.00031,-0.02838,-0.00000,-0.00026,-0.00030,-0.05736,-0.00005,-0.00012,-0.00002,0.00559,-0.00002,-0.00000,0.00006,-0.00175,0.75416,-0.00260,-0.00207,0.01209,-0.00990,-0.00021,-0.45348,0.00047,-0.00682,0.96194,0.00006,-0.00000,0.95302,-0.00016,-0.00064,0.00004,-0.00386,-0.89144,0.18365,0.00017,0.00005,0.91440,-0.00002,0.03705,0.08169,0.93791,-0.00004,-0.00320,-0.52888,-0.00141,-0.00010,-0.01927,0.01049,-0.00273,-0.14843,-0.71534,-0.99883,0.99213,-0.00043,0.00750,-0.00000,0.00017,-0.09252,0.00000,0.00031,0.01292,-0.00013,0.00045,0.00004,0.00000,0.01968,0.20785,-0.00008,0.01647,-0.00009,0.00770,0.00046,0.05597,-0.00020,0.01636,-0.01031,-0.00472,0.90972,-0.00001,0.00001,-0.00004,-0.00167,0.04551,0.00230,0.00250,0.00015,-0.00005,-0.00008,-0.00000,0.00001,0.00973,0.00000,0.00026,-0.00007,0.00019,0.68241,-0.00002,-0.13655,-0.00070,0.80800,0.05428,-0.00270,-0.00546,-0.00001,0.00071,-0.00021,-0.00000,0.01398,0.05959,-0.00329,-0.00162,0.09875
gs://wdp-ds-data/dolphin_ogg/080808Sb_RegPCA110.ogg	1601536	1610290	3	-0.00000,0.37976,-0.00173,0.00049,-0.00106,0.65463,0.66779,0.02097,-0.00077,-0.04271,0.00029,0.00000,0.04530,-0.95739,0.15149,0.00062,-0.01125,-0.00017,0.11794,-0.17233,0.00000,0.00027,0.00013,-0.99985,0.00000,0.00218,0.00015,-0.00432,-0.00000,0.00000,-0.02113,-0.00216,-0.00000,-0.00000,-0.00257,0.00000,0.00000,0.00000,-0.00000,0.00128,0.97350,-0.01041,-0.00028,-0.00001,-0.00747,0.77243,-0.98112,-0.00075,-0.00000,0.00783,0.00000,0.02814,-0.00000,-0.07455,-0.12270,0.00000,-0.00588,-0.86307,0.12780,-0.00000,-0.22422,-0.00026,0.00072,-0.00000,0.00331,-0.00223,-0.00008,0.00000,-0.00016,0.00007,-0.14218,-0.00000,0.00085,0.00136,-0.00008,0.12263,0.71480,-0.12667,0.00333,0.00921,0.98922,0.00002,-0.00000,-0.99312,-0.00003,-0.00729,0.00080,-0.00135,0.11336,-0.00000,0.92840,0.00238,0.00038,-0.00000,0.92981,0.00021,0.00008,-0.00257,0.05481,-0.00000,-0.00002,-0.99156,0.93688,-0.00000,-0.17915,-0.00242,-0.00007,0.00002,0.00000,-0.02484,-0.00373,0.00000,0.00005,-0.00513,-0.00043,0.00001,-0.86798,0.00000,-0.00000,-0.00001,0.99998,0.00280,-0.00000,-0.34646,-0.34222,0.00000,-0.00004,0.43962,-0.00005,0.00000,-0.00018,0.00006,-0.05115,0.00000,0.00002,-0.26012,0.00000,0.00000,-0.00051,-0.00001,0.07169,-0.00033,0.00034,-0.00008,-0.00071,0.00030,-0.53150,-0.99877,-0.00000,-0.00754,-0.92972,-0.00480,-0.01204,-0.00000,0.00093,-0.00002,0.00007,0.00057,-0.05547,0.73391,-0.27555,-0.00001,0.00032,-0.00001,-0.00031,-0.00316,0.01896,0.00000,-0.06457,0.00000,0.00000,0.33273,-0.00002,-0.93769,0.00000,-0.00019,-0.99901,0.00875,0.00000,0.00012,0.00001,0.00000,0.00059,0.99993,-0.94684,-0.00001,0.01120,-0.01266,-0.00008,0.10917,-0.11773,-0.00669,-0.00022,0.24675,-0.20308,-0.99364,0.45131,-0.00004,0.29727,0.04721,0.13967,-0.36342,0.65095,0.29367,0.29892,-0.00009,-0.01555,0.00232,-0.00000,0.09883,0.03863,-0.00001,0.11653,-0.68591,-0.00340,-0.00010,0.40583,-0.00027,0.00013,-0.02525,-0.00006,-0.55531,0.00000,0.00000,-0.00000,-0.01262,0.12052,0.09182,0.00484,0.00000,-0.00013,-0.00059,-0.00005,0.00595,0.00000,0.00002,-0.00142,-0.00287,0.00000,0.99999,-0.00041,-0.00391,-0.00062,-0.78731,0.00000,-0.00003,-0.00447,-0.00000,0.00985,0.00019,-0.00000,0.00000,0.01085,-0.00002,-0.00011,0.00008
gs://wdp-ds-data/dolphin_ogg/080808Sb_RegPCA110.ogg	1605632	1614386	3	-0.00000,0.69211,-0.02764,0.00024,-0.07190,0.00224,0.49843,-0.00129,0.05527,-0.01437,0.00000,0.54437,-0.00040,-0.99678,-0.26790,0.00053,-0.00090,0.71528,0.90326,0.34125,0.00000,-0.00573,0.00000,-0.91976,0.00000,0.07830,-0.00000,-0.00290,-0.00001,-0.00000,-0.24076,-0.00002,-0.00000,-0.00000,-0.00177,0.03554,0.00000,0.00000,-0.00000,0.00854,0.40978,-0.02100,0.00001,-0.00000,-0.00002,0.21339,-0.99993,-0.00144,0.00001,0.01738,0.00000,0.87446,-0.00000,-0.21235,-0.00015,-0.00000,-0.00142,-0.42424,-0.41844,-0.00001,-0.03720,-0.00001,0.00000,-0.00000,0.00384,-0.00000,0.00323,-0.02281,-0.00000,-0.00041,-0.03008,-0.00040,0.50631,0.00111,-0.00034,0.01060,0.15740,-0.99781,0.00215,0.33564,0.00066,0.00002,0.00000,-0.81697,0.00020,-0.00075,0.85655,-0.00000,0.96184,-0.00000,0.99552,0.00509,0.00181,-0.00001,0.99540,0.00054,-0.00000,-0.00349,0.99972,-0.01874,-0.00000,-0.00001,0.36567,-0.92788,-0.00137,-0.00100,-0.00050,0.00000,-0.00008,-0.00013,-0.00002,-0.01702,0.00011,-0.06730,-0.00000,0.00000,-0.03390,-0.00000,-0.00000,0.70088,0.96773,0.01572,0.00000,0.97889,-0.95006,0.00001,-0.00001,0.99524,0.00000,0.00007,-0.00002,0.00007,-0.15042,0.00000,0.00000,-0.91564,-0.00000,-0.00000,-0.00002,-0.00000,-0.00001,0.00508,0.00000,-0.00511,0.02859,-0.00000,-0.02315,-0.78189,-0.00083,-0.00000,-0.85443,-0.00048,-0.00035,-0.00014,0.79613,-0.00013,0.00176,0.00002,-0.00027,1.00000,-0.22841,-0.00764,0.19408,-0.00085,-0.00011,-0.25501,0.07029,-0.00002,0.86269,0.00000,-0.00000,0.02198,-0.00040,-0.47891,0.00000,-0.00001,-0.99945,0.00104,0.00006,0.00001,0.98708,-0.00000,1.00000,0.00164,-0.52153,-0.00000,0.00173,-0.38503,0.00010,0.00008,-0.99874,0.00106,-0.00002,-0.93101,-0.98434,-0.99951,0.21199,-0.00032,0.03370,0.00001,0.05714,-0.05081,0.23663,0.03364,0.00071,-0.00004,-0.00193,0.00019,0.00000,0.00105,0.01550,-0.00000,0.58690,-0.97183,-0.00479,0.02833,0.99864,-0.00001,0.00071,-0.97567,-0.00095,0.98807,0.00000,0.00000,-0.00000,-0.06323,0.01534,0.00011,-0.00291,0.00000,-0.00719,0.00203,-0.00000,0.00248,0.00000,-0.00000,-0.00004,-0.00020,0.00000,0.99062,-0.00002,-0.58991,-0.00145,-0.95316,0.00204,-0.00000,-0.00046,-0.00000,0.00608,0.00001,-0.00000,0.00000,0.00005,-0.00000,-0.00055,0.00000
gs://wdp-ds-data/dolphin_ogg/080808Sb_RegPCA110.ogg	1609728	1618482	3	-0.00000,0.81390,-0.21816,0.00629,-0.00042,0.00051,0.73471,0.00010,-0.00389,0.00172,0.00000,0.00051,0.00006,-0.92175,-0.03235,0.00009,-0.01198,0.00064,0.89837,-0.92084,0.00000,-0.00022,0.00000,-0.77102,0.00000,0.03069,0.00000,-0.00119,-0.00000,-0.00000,-0.11440,0.00003,-0.00000,-0.00000,-0.07411,0.00034,0.00000,0.00011,-0.00000,-0.00002,0.73767,-0.00049,-0.00001,-0.00000,-0.00611,0.76101,-0.99108,-0.00026,-0.00000,0.00376,0.00000,0.00113,-0.00000,-0.93259,0.24853,-0.00000,-0.00901,0.13222,0.09942,-0.00000,-0.22922,-0.00001,0.00000,-0.00000,0.00020,-0.00006,0.00006,0.00000,-0.00000,-0.00002,-0.00000,-0.17950,0.09030,0.00019,-0.00008,0.07699,0.47524,-0.08779,0.00110,-0.03702,0.99998,0.00325,-0.00000,-0.99769,0.00000,0.00001,0.00236,-0.00001,1.00000,-0.00000,0.82728,0.00029,0.00478,0.00001,0.99877,0.00002,0.00000,-0.00714,0.40110,-0.00000,-0.00001,-0.00006,0.91700,-0.00000,0.00541,-0.00015,-0.00001,0.00000,0.00000,-0.00073,-0.00034,-0.00000,0.00001,0.00040,-0.00001,0.00000,-0.59119,-0.00001,-0.00001,0.40182,0.99662,0.00019,0.00000,0.34472,-0.00413,-0.00005,-0.00003,0.47938,-0.00000,0.00001,0.00002,0.01471,-0.12471,0.00000,0.00000,-0.76865,-0.00000,0.00000,-0.02272,-0.00000,-0.00329,-0.00064,0.00003,-0.02247,-0.00039,-0.00000,-0.00890,-0.80695,-0.00000,-0.00010,-0.00534,-0.00088,-0.05103,-0.00003,0.00126,-0.00000,0.00000,0.00003,-0.02582,0.99507,-0.37581,-0.00048,0.00201,-0.00475,-0.00053,-0.11738,0.00238,-0.00000,0.00088,0.00000,0.00000,0.04322,-0.00000,-0.03093,0.00019,0.00013,-0.99955,0.00093,0.00000,0.00003,0.01898,-0.00000,1.00000,0.01544,0.78105,-0.00000,-0.00002,-0.14114,0.00001,0.05067,-0.05674,0.00008,-0.00004,-0.11583,-0.64332,-0.99880,0.18753,-0.26730,0.04165,-0.00001,0.00091,-0.67821,0.00473,0.09371,0.01190,-0.00001,-0.01667,0.00001,0.00000,0.00136,0.61510,-0.00000,-0.00001,-0.10237,-0.00005,-0.00007,0.00023,-0.00058,0.00016,-0.76819,-0.00006,0.90685,0.00000,0.00000,-0.00000,-0.00007,0.41900,0.00175,0.00037,0.00000,-0.00001,-0.00001,-0.00000,-0.01767,0.00001,-0.00064,-0.00000,-0.00002,0.00000,0.99930,-0.00008,-0.00649,-0.00005,-0.61538,0.00000,-0.00000,-0.04408,-0.00000,0.49771,0.00019,-0.00000,0.00000,0.20872,-0.00000,-0.00003,0.00001
gs://wdp-ds-data/dolphin_ogg/080808Sb_RegPCA110.ogg	1613824	1622578	3	-0.00000,0.92634,-0.00395,0.00019,-0.00194,0.02276,0.64249,0.00402,-0.02279,-0.00086,0.00003,0.00998,0.00016,-0.99865,-0.10766,0.00000,-0.00776,-0.00101,0.43208,-0.17465,0.00000,0.00040,0.00009,-0.98272,0.00000,0.00638,0.00000,-0.04303,-0.00043,-0.00000,-0.01000,-0.00000,0.00000,-0.00000,-0.23098,0.01180,0.00004,0.00000,-0.00105,-0.00558,0.82827,-0.00152,0.00000,-0.00000,-0.00070,0.00818,-0.99957,-0.00622,-0.00000,0.00553,0.00000,0.00009,-0.00000,-0.90940,0.01179,-0.00000,-0.00002,-0.67537,0.05213,-0.00008,-0.02800,-0.00001,0.00000,-0.00000,0.00471,0.00001,0.00073,-0.21841,-0.00000,-0.00008,-0.00000,-0.00016,0.33725,0.03528,-0.00063,0.07513,0.02833,-0.90004,0.00046,-0.03959,0.00405,0.00000,-0.00000,-0.42927,0.00001,-0.00007,0.02547,-0.00000,0.99999,-0.00000,0.13877,0.00062,0.00031,0.00001,0.99997,0.00130,-0.00013,-0.00024,0.91956,-0.95776,-0.00000,-0.00005,-0.86298,-0.01270,0.03202,-0.00010,-0.00002,0.00000,-0.00005,-0.00075,-0.00007,-0.00000,0.00004,-0.00025,-0.00012,0.00006,-0.83526,-0.00000,-0.00000,0.78544,0.99908,0.00047,0.00000,0.61954,-0.07051,0.00000,-0.00001,0.27214,-0.00000,0.00000,0.00003,0.00055,-0.56594,0.00000,0.00000,-0.78210,-0.00000,-0.00000,-0.00021,-0.00001,-0.00087,-0.00004,0.00002,-0.00268,0.01231,-0.00169,-0.00139,-0.85535,-0.00010,-0.00003,-0.48541,-0.00132,-0.00627,-0.00001,0.01255,-0.00000,0.00014,0.00005,-0.00489,0.19279,-0.91026,-0.00079,0.00342,-0.01295,-0.00133,-0.76951,0.02353,-0.01386,0.93349,0.00000,0.00000,0.38872,-0.00009,-0.70022,0.00000,0.00464,-0.99929,0.06128,0.00002,0.00000,0.99940,-0.00000,1.00000,0.01576,0.86226,-0.00000,-0.00016,-0.44181,0.00004,0.00002,-0.12678,0.00549,-0.00007,0.14595,-0.02030,-0.99950,0.17342,-0.00003,0.83410,0.00001,0.00107,-0.16636,0.17890,0.08651,0.00013,-0.00001,-0.01579,0.00028,0.00000,0.22732,0.00945,0.00000,-0.00003,-0.26388,-0.00042,-0.00026,0.02439,-0.00059,0.00008,-0.31988,-0.00010,-0.67196,0.00000,0.00000,-0.00000,-0.00299,0.38276,0.00000,-0.00006,0.00000,-0.00007,-0.00031,-0.00980,-0.76469,0.00000,0.00000,-0.00002,-0.00076,-0.00000,0.99254,-0.00013,-0.00051,-0.00002,-0.85303,0.00074,-0.00580,-0.00024,0.00000,0.00004,0.00100,-0.00000,0.00000,0.03611,-0.00002,-0.00000,0.00000
gs://wdp-ds-data/dolphin_ogg/080808Sb_RegPCA110.ogg	1617920	1626674	3	-0.00001,0.78758,-0.30400,-0.02782,-0.00080,0.00008,0.22767,-0.00743,0.00721,-0.00127,-0.00001,0.00000,0.03352,-0.86697,0.04548,0.00134,-0.00189,0.00291,0.84330,0.99038,0.00000,0.00026,0.00000,-0.89012,0.00000,0.06486,0.02146,-0.10146,-0.00007,-0.00000,-0.00451,-0.00052,0.00001,-0.00118,-0.13556,0.66611,0.00024,0.00136,-0.00004,-0.00034,0.48419,-0.01307,-0.00169,0.00001,-0.00005,0.15050,0.05981,-0.00263,-0.00003,0.04994,0.00000,0.01166,-0.00000,-0.37811,0.02670,-0.00000,-0.06434,-0.83777,-0.00123,-0.00002,-0.00697,-0.00000,0.00000,-0.00000,0.00153,0.00000,0.00010,0.00791,-0.00005,0.02105,-0.00000,-0.68184,0.22349,0.00115,-0.00258,0.65161,0.00166,0.80556,0.00041,0.48082,0.00434,0.00235,-0.00000,-0.00406,0.00003,0.00000,0.00124,-0.00327,0.99964,0.00000,0.01114,-0.12546,0.00027,0.00002,0.86779,0.00009,0.00027,-0.00060,0.20744,-0.03775,-0.00054,-0.00002,0.74746,-0.00001,0.00793,-0.00187,-0.00562,0.00000,-0.00001,-0.35625,-0.00018,-0.00001,0.00001,-0.00315,-0.00470,0.00131,-0.65358,-0.00000,-0.45345,0.30079,0.30805,0.00610,0.00014,0.04660,-0.34698,-0.02447,0.00073,0.11009,0.00007,0.00066,-0.00031,0.01485,-0.62390,0.00006,0.00014,-0.98555,0.00003,0.00091,-0.00143,-0.00022,-0.00014,0.00100,0.00611,-0.03629,-0.00070,-0.00031,-0.00031,-0.00055,-0.00248,-0.00001,-0.30723,-0.00064,-0.72467,-0.00044,-0.03818,-0.00089,-0.00001,0.00048,-0.00569,0.56155,-0.92443,-0.00221,0.01120,-0.83361,-0.00244,-0.03410,0.08520,-0.00029,0.01748,0.00006,0.00000,0.39106,-0.00167,-0.77956,0.00025,-0.00310,-0.99973,0.01057,0.00015,0.00058,0.33510,-0.00001,0.25863,0.00039,0.67378,-0.00000,-0.00004,-0.75565,0.00031,0.45311,-0.03961,0.04792,-0.20834,-0.97811,-0.96975,-0.98455,0.23307,-0.09038,0.09824,0.00003,0.00061,0.93502,0.10246,0.00047,0.00277,-0.00121,0.00663,0.00003,0.00000,0.00963,0.44300,-0.00012,-0.01296,-0.00640,-0.00001,0.92827,0.69243,-0.00005,0.00012,-0.18158,-0.00257,0.05167,0.00000,0.00001,-0.00000,-0.01225,0.41242,0.00233,0.00062,0.00000,-0.00015,0.01101,-0.09106,0.00041,0.00000,-0.00108,0.00307,-0.00047,0.00000,0.20126,-0.00007,-0.00055,-0.00001,0.13767,0.01725,-0.00015,-0.00668,-0.00748,0.39395,0.00193,-0.00001,0.00001,0.99589,0.00044,-0.00046,0.00003
gs://wdp-ds-data/dolphin_ogg/080808Sb_RegPCA110.ogg	1622016	1630770	3	-0.00000,0.53848,-0.07034,0.00170,-0.00370,0.00000,0.90504,0.03183,-0.03033,-0.00533,0.00000,0.00163,0.00000,-0.07974,-0.70093,0.00051,-0.00279,0.00098,0.97657,-0.10829,0.00000,-0.00015,0.00000,-0.67988,-0.00000,0.05076,0.00001,-0.02669,-0.00003,-0.00000,-0.09987,-0.00005,-0.00000,-0.00000,-0.53734,0.99086,0.00000,0.00000,-0.00000,-0.00342,0.29146,-0.00199,0.00002,-0.00000,-0.00085,0.02497,-0.99985,-0.00140,-0.00000,0.00058,0.00000,0.19753,-0.00002,-0.96618,0.00236,-0.00000,-0.02522,-0.16229,0.03899,-0.00000,-0.90335,-0.00001,0.00000,-0.00000,0.01088,-0.06357,0.00004,-0.01585,0.00000,-0.00002,-0.00027,-0.00110,0.17028,0.00008,-0.00002,0.00796,0.11474,0.36520,0.00040,0.54809,0.63884,0.01819,-0.00000,-0.00146,0.00000,0.00078,0.10370,-0.00000,1.00000,-0.00000,0.07869,0.00022,0.00552,0.00000,-0.11155,0.00069,0.00000,-0.00023,0.27530,-0.01665,-0.00000,-0.00000,0.54867,-0.00010,0.01047,-0.00012,-0.00028,0.00000,-0.00093,-0.00414,-0.00081,0.00000,0.00000,-0.01422,-0.00073,0.00000,-0.06874,-0.00000,-0.00000,0.62209,0.99543,0.00009,0.00000,0.64874,-0.00036,-0.00002,-0.00014,0.03773,-0.00001,0.00013,-0.00001,0.00133,-0.15632,0.00000,0.00000,-0.25562,-0.00001,-0.00000,-0.27053,-0.00001,-0.00204,-0.00294,0.00034,-0.00709,-0.00037,0.00000,-0.00019,-0.82266,-0.00000,-0.00149,-0.10358,-0.00052,-0.10215,-0.00001,0.00695,-0.00000,0.00000,0.00006,-0.00150,0.99998,-0.28880,-0.00969,0.00050,-0.17074,-0.00036,-0.89402,0.00977,-0.03183,0.08582,0.00000,0.00000,0.12382,-0.00000,-0.00010,0.00000,0.00171,-0.99937,0.03826,0.00001,0.00001,0.25936,-0.00000,0.99999,0.00554,-0.32612,-0.00000,-0.00067,-0.76707,0.00020,0.00001,-0.34804,0.00007,-0.00040,-0.85129,-0.14044,-0.99516,0.72200,-0.00001,0.00896,-0.00000,0.00709,-0.00777,0.00381,0.06390,0.00108,-0.00009,0.00201,0.00001,0.00000,0.00266,0.02007,-0.00000,-0.00001,-0.08262,-0.00007,-0.00123,0.11695,-0.02103,0.00006,-0.60667,-0.00071,0.25850,0.00000,0.00000,-0.00000,-0.00193,0.07375,0.00120,-0.05837,0.00000,-0.00009,-0.00075,-0.00001,-0.39989,0.00000,0.00000,-0.00000,-0.00000,-0.00000,0.97414,-0.00003,-0.44445,-0.00111,-0.40173,0.00250,-0.00092,-0.00361,-0.00000,0.01191,0.00057,-0.00000,0.00001,0.00004,-0.00001,-0.00004,0.00008
gs://wdp-ds-data/dolphin_ogg/080808Sb_RegPCA110.ogg	1626112	1634866	3	-0.00001,0.93503,-0.00598,-0.00131,-0.00146,0.00000,-0.85470,0.00009,-0.80097,-0.00038,0.00024,0.00000,0.00000,-0.99746,-0.16177,0.00001,-0.00024,0.00019,0.16014,-0.21308,0.00000,0.00014,0.00000,-0.80766,-0.00000,0.00158,-0.00000,-0.67800,-0.00003,-0.00000,-0.00062,-0.00039,-0.00007,-0.00000,-0.31965,0.00026,0.00022,0.00018,-0.00000,-0.00003,0.00762,-0.01854,0.00107,-0.00003,-0.00073,0.22739,-0.99809,-0.00035,0.00187,0.00414,0.00000,0.01055,-0.00000,-0.94969,-0.00141,-0.00000,-0.00087,-0.00520,-0.00312,-0.00001,-0.10127,-0.00000,0.00001,-0.00000,0.04577,0.00162,0.00002,-0.00147,-0.00003,-0.00001,-0.00009,-0.00003,0.32778,0.00739,-0.00039,-0.00012,0.00037,-0.39376,0.00058,0.01493,0.97804,0.00926,-0.00000,-0.00007,0.00000,-0.00000,0.10003,-0.00175,0.99846,-0.00000,0.00002,0.00017,0.00098,0.00003,0.79875,0.00110,0.00000,-0.00006,0.00707,0.00002,-0.00053,-0.00001,-0.88443,-0.00000,0.15484,0.03888,-0.00512,0.00703,-0.00713,-0.00034,-0.00003,-0.00000,0.00054,-0.01970,-0.00693,0.00014,-0.38133,-0.00001,-0.00002,0.00654,0.88408,0.00072,0.00000,0.27468,-0.00062,-0.00009,-0.00004,0.01876,-0.00000,0.01688,-0.00003,0.00136,-0.23585,0.00000,0.00000,-0.05551,-0.00007,-0.00000,-0.00108,-0.00228,-0.00202,-0.00201,0.00207,-0.00333,0.00150,-0.00024,-0.01230,-0.00000,-0.00001,-0.00727,-0.78355,-0.00002,-0.00002,-0.00006,0.00401,-0.00002,-0.00001,0.00002,-0.00110,0.02983,-0.00103,-0.00951,0.01725,-0.00223,-0.00073,-0.47263,0.00064,-0.51483,0.98310,0.00002,-0.00000,0.95402,-0.00020,-0.00283,0.00000,0.00059,-0.72261,0.18299,0.00149,0.00006,0.46975,-0.00000,0.99992,0.10162,-0.62687,-0.00007,-0.01431,-0.06134,-0.00043,-0.00003,-0.12250,0.00591,0.00042,0.63251,-0.65947,-0.99846,0.98777,-0.00114,0.03133,-0.00000,0.00105,-0.07327,0.00001,0.01135,-0.00288,-0.00017,0.00023,-0.00041,0.00000,0.04919,0.02607,-0.00002,0.00256,-0.00043,-0.00533,0.00003,0.00649,-0.00621,0.00646,-0.01318,-0.00186,-0.60640,0.00000,0.00000,-0.00000,-0.00100,0.28152,0.00021,0.00137,0.00000,-0.00009,-0.00030,-0.00000,0.00001,0.00604,0.00000,-0.00001,-0.00015,0.00021,0.86205,-0.00004,-0.20543,-0.00160,-0.69511,0.09441,-0.00583,-0.00023,-0.00001,0.00017,-0.00068,-0.00000,0.00222,0.00236,-0.00248,-0.00149,0.01655
gs://wdp-ds-data/dolphin_ogg/080808Sb_RegPCA110.ogg	1916928	1925682	1	-0.00000,0.95599,-0.00508,-0.00102,-0.00801,0.00000,0.99001,0.00119,-0.84769,-0.00167,0.00000,0.00009,-0.00000,-0.99121,-0.00288,0.00001,-0.00020,0.00122,0.00000,-0.76334,0.00000,0.00337,0.00000,-0.88451,-0.00000,0.00274,-0.00000,-0.01020,-0.07149,-0.00089,-0.04736,-0.00014,-0.00000,-0.00000,-0.08096,0.25364,0.00042,0.00000,-0.00046,-0.00003,0.96943,-0.00004,0.00006,-0.00000,-0.00083,0.00479,-0.54144,-0.87887,0.00000,0.01999,0.00000,0.53858,-0.00000,-0.94877,-0.00020,-0.00001,-0.00000,-0.01344,0.00048,-0.00021,-0.00074,-0.00141,0.00000,-0.00000,0.68533,0.00000,0.00002,-0.36045,-0.00090,-0.00000,-0.00001,-0.00001,0.52398,0.91659,0.00017,0.36808,0.65844,-0.60806,0.00542,0.15681,0.02745,0.00000,0.00000,-0.99981,0.00004,-0.00004,0.94478,-0.00000,-0.93310,-0.00000,0.02003,0.00016,0.00011,-0.00000,-0.08311,0.00434,-0.00006,-0.00000,0.99657,-0.99573,-0.00002,-0.00018,-0.93954,-0.01547,0.96165,-0.00015,-0.02076,-0.00000,-0.00074,-0.01382,-0.00000,-0.00000,0.00002,-0.25764,-0.72944,0.00001,-0.05623,0.00002,-0.00002,0.40431,0.04717,0.00008,0.00000,0.63487,-0.00005,0.00333,-0.00012,0.00383,-0.00000,0.00011,0.00000,0.00001,-0.99982,0.00000,0.00002,-0.13693,-0.00041,0.00001,-0.00049,-0.01481,-0.00285,-0.00146,-0.00071,-0.00009,0.00020,-0.00271,-0.00964,-0.99582,-0.09491,-0.00117,0.96205,-0.00157,-0.00000,-0.00000,0.03367,-0.00001,-0.00000,0.00077,0.00021,0.70552,-0.13960,-0.01356,0.00129,-0.00400,-0.00009,-0.62248,0.00091,-0.00000,0.03880,0.00000,-0.00000,0.13526,-0.00002,-0.87257,0.00001,0.00027,-0.99692,0.41203,0.00022,0.00013,0.79343,-0.00000,0.84784,-0.02376,-0.11344,-0.00001,-0.00164,-0.00464,0.00993,-0.00055,-0.10818,0.00057,-0.00230,0.96169,-0.92344,-0.99990,0.48194,-0.00000,0.12919,-0.00000,0.00018,-0.00753,0.00012,0.07550,0.00214,-0.00012,0.00070,0.20973,0.00000,0.56299,0.00139,-0.00000,0.00000,-0.00112,-0.00377,0.00003,0.02217,-0.00040,0.00001,-0.00315,-0.00065,0.07051,0.01239,0.00000,-0.00187,-0.24569,0.49605,-0.00011,0.00009,0.00000,-0.00000,-0.00003,-0.00028,0.00056,0.00000,0.00001,-0.00000,-0.00090,0.00000,0.99962,-0.00000,-0.00156,-0.00058,-0.05136,0.00291,-0.00770,-0.00038,-0.00000,0.00145,0.00167,-0.00001,0.00000,0.00020,-0.00000,-0.00388,0.00001
gs://wdp-ds-data/dolphin_ogg/080808Sb_RegPCA110.ogg	3473408	3482162	2	-0.00000,0.95638,0.00055,-0.00633,-0.00486,0.00000,0.99515,0.00015,-0.93753,-0.00019,-0.00003,0.00000,-0.00103,-0.99925,-0.00139,0.00003,-0.00002,0.00067,0.00103,-0.23280,0.00000,0.00186,0.00000,-0.90935,0.00000,0.04757,-0.00001,-0.14600,-0.69024,-0.10492,-0.00141,-0.00418,-0.00022,-0.00030,-0.03931,0.03574,0.98091,-0.00001,-0.00226,-0.00000,0.22782,-0.00068,0.00017,0.00009,-0.00131,0.03556,-0.29031,-0.98019,0.00012,0.04204,0.00000,0.05517,0.00000,-0.94078,-0.03756,-0.00022,-0.00109,-0.00044,0.00009,-0.00828,-0.12628,-0.03957,0.00000,-0.00001,0.93340,0.00000,-0.00006,-0.32668,-0.00002,-0.00000,-0.00001,-0.00004,0.55689,0.74880,0.07132,0.08116,0.29903,0.23989,0.00063,0.02493,0.67773,0.00001,0.00000,-0.00170,0.00009,0.00000,0.82486,-0.00000,0.31095,0.00000,0.00014,0.00043,0.00000,-0.00000,0.12387,-0.02488,-0.00582,-0.00000,0.02531,-0.99708,-0.00280,-0.00004,-0.79444,-0.00237,0.97945,-0.00087,-0.70284,0.00216,-0.05824,-0.16148,-0.00000,-0.00014,0.00016,-0.15171,-0.64069,0.00264,-0.72505,0.00000,-0.00482,0.07524,0.02418,0.00024,0.00000,0.69861,-0.00019,-0.09592,-0.00036,0.00777,-0.00000,0.01452,0.00001,-0.00025,-0.07860,0.00002,0.00088,-0.78160,-0.02781,-0.00019,-0.00002,-0.18415,-0.00038,-0.00894,-0.00030,-0.01834,0.00805,-0.00625,-0.00234,-0.02287,-0.90036,-0.00006,-0.99965,-0.00124,-0.00001,-0.00000,0.34025,-0.00045,-0.00001,0.00040,0.00179,0.62619,-0.00560,-0.24766,0.42855,-0.01524,-0.00158,-0.99943,0.01067,-0.00001,0.66286,0.00001,-0.00000,0.92373,-0.00094,-0.00361,0.00001,0.01252,-0.99019,0.29424,0.02764,0.00044,0.99996,-0.00000,0.75027,0.22574,-0.20681,-0.12181,-0.02981,-0.00561,0.02253,-0.00002,0.70190,0.02012,-0.07551,-0.76280,-0.98577,-0.99970,0.08109,-0.00028,0.00308,0.00000,0.00018,-0.06726,-0.00041,0.00911,0.00009,0.00585,0.00140,0.99104,-0.00001,0.71241,0.00018,-0.00069,0.00006,-0.00013,0.13651,0.00438,0.29567,-0.00173,0.00002,-0.00582,-0.00229,-0.16091,0.42227,0.00000,-0.03265,-0.03288,0.68687,-0.00056,-0.00005,0.00000,-0.00039,-0.00037,-0.02466,-0.00011,0.00565,0.00009,-0.00000,-0.02269,0.00035,-0.14195,-0.00000,-0.04728,-0.00088,-0.25657,0.43763,-0.02136,-0.00125,-0.00001,0.00001,0.03076,-0.00838,0.00001,0.00119,-0.00000,-0.24289,0.00240
gs://wdp-ds-data/dolphin_ogg/080808Sb_RegPCA110.ogg	3567616	3576370	0	0.00003,0.87146,-0.00057,-0.00084,-0.91259,0.02701,0.02681,0.00001,-0.45868,0.00048,-0.00001,0.08511,-0.02527,-0.09465,-0.00090,0.00658,-0.02100,0.09511,0.00004,0.10003,0.15240,0.52638,0.00003,-0.98544,0.00000,0.00941,-0.00002,-0.01851,-0.14435,-0.91669,-0.23110,0.00074,0.00000,-0.02344,-0.00026,0.00000,0.00171,-0.00000,-0.00229,-0.00004,0.92430,-0.00584,-0.00048,-0.00026,-0.00050,0.00090,-0.63551,-0.99971,0.00002,0.02051,-0.00002,0.73797,-0.00001,-0.06628,-0.02339,-0.00000,-0.00018,-0.26280,0.01970,-0.07993,-0.00261,-0.11826,0.00000,-0.00000,0.01131,0.00000,-0.00718,-0.99936,-0.78629,-0.00162,0.00032,-0.00004,0.05845,0.00987,-0.15129,0.32802,0.25404,0.80532,0.00873,0.03905,0.01112,0.00026,0.00014,-0.99971,0.39216,-0.00148,0.98610,-0.00000,0.47960,-0.00000,0.02712,0.19011,0.00041,0.00001,0.04082,-0.21422,-0.07553,0.00019,0.98863,-0.96990,-0.00002,-0.00002,-0.18172,-0.25131,0.00865,-0.01440,-0.00549,-0.00000,-0.98286,-0.00577,-0.00210,0.00413,0.00248,-0.00002,-0.00638,0.00292,0.21494,0.00000,-0.97756,0.99270,0.17330,0.00049,0.00000,0.98265,-0.94411,0.01877,-0.00127,0.28144,0.00017,0.00572,0.00003,-0.00018,-0.05315,0.00068,0.11817,-0.98964,0.00076,0.00000,-0.00202,-0.02218,-0.00077,0.04107,0.00007,-0.00797,0.00027,-0.00190,-0.69437,-0.95072,-0.68664,-0.00007,0.03730,-0.14007,-0.00006,-0.00526,0.92908,-0.42663,0.00013,0.45238,-0.00222,0.10473,-0.99952,-0.02949,0.23109,-0.00044,-0.00123,-0.04767,0.01049,-0.00000,0.00621,0.00000,-0.00000,0.00988,-0.00524,-0.06625,0.00011,-0.00700,-0.99735,0.05596,0.00993,0.00108,0.66396,0.00002,0.85702,-0.04381,0.04320,-0.02589,-0.00141,-0.73202,0.01258,-0.00045,0.46106,0.06991,0.01943,-0.61729,-0.98799,-0.99983,0.02449,-0.00131,0.16582,0.00210,0.00117,-0.00422,-0.02778,0.06710,0.00021,0.00005,-0.18346,0.86342,0.00000,0.20597,0.00698,-0.00000,0.82121,-0.94860,-0.00093,0.02692,-0.10705,-0.00002,0.00001,-0.00411,-0.01430,0.56624,0.01145,0.00002,-0.01031,-0.22314,0.42376,-0.00003,-0.00000,0.00000,-0.00052,-0.01492,-0.83868,-0.00042,0.00000,-0.00573,0.00008,-0.82535,0.00001,-0.27809,-0.00036,-0.00188,-0.00014,-0.09576,0.00001,-0.00265,-0.00038,-0.00000,0.00006,0.10635,-0.00023,0.00003,0.00326,0.00000,-0.00663,0.00000
gs://wdp-ds-data/dolphin_ogg/080808Sb_RegPCA110.ogg	3624960	3633714	1	0.00001,0.99393,-0.00192,-0.00050,-0.00137,0.00000,0.93022,0.00004,0.90791,-0.00006,0.00010,0.00000,0.00000,-0.99196,-0.01273,0.00000,-0.00065,0.00022,0.00008,0.60150,0.00000,0.00077,0.00000,-0.76642,0.00000,0.00094,-0.00002,-0.00721,-0.00011,-0.00000,-0.00013,-0.00030,-0.00001,-0.00000,-0.01761,0.35775,0.00000,0.00010,-0.00000,-0.00001,0.73668,-0.00039,0.00007,-0.00018,-0.00288,0.00053,-0.07194,-0.00569,0.00008,0.00043,0.00000,0.62012,-0.00000,-0.88006,-0.00010,-0.00001,-0.00178,-0.00142,-0.00658,-0.00000,-0.00205,-0.00002,0.00001,-0.00000,0.02499,0.00000,0.00006,-0.00484,-0.00000,-0.00000,-0.00007,-0.00000,0.45332,0.01859,0.00001,0.00747,0.32491,-0.49499,-0.00111,0.11127,0.10728,0.01945,-0.00000,-0.10225,0.00021,-0.00014,0.73435,-0.00014,-0.09770,-0.00000,0.00089,0.00002,0.00037,0.00000,-0.97571,0.00018,0.00000,-0.00004,0.03232,-0.00878,-0.00007,-0.00002,0.96728,-0.00000,0.55538,-0.00165,-0.00745,0.00017,-0.00006,-0.00046,-0.00002,-0.00000,0.00004,-0.58083,-0.00570,0.00001,-0.35889,-0.00008,-0.00000,0.00875,0.00857,0.00002,0.00000,0.53501,-0.00001,-0.00010,-0.00029,0.08703,-0.00001,0.00032,-0.00004,0.00040,-0.99994,0.00000,0.00001,-0.00226,-0.00017,0.00000,-0.00680,-0.00101,-0.00510,-0.00387,0.00004,-0.00050,0.00004,-0.00011,-0.00131,-0.00013,-0.00002,-0.00007,0.34564,-0.00034,-0.00001,-0.00001,0.00530,-0.00000,-0.00000,0.00044,-0.00025,0.08612,-0.02078,-0.01298,0.00425,-0.00001,-0.00005,-0.04601,0.00030,-0.00001,0.05183,0.00001,-0.00000,0.01520,-0.00020,-0.92370,0.00000,-0.00169,-0.97866,0.01549,0.00045,0.00002,0.36663,-0.00000,0.96661,-0.44366,0.76643,-0.00000,-0.14927,-0.02608,0.00098,0.00037,-0.02577,-0.00041,-0.00114,0.11829,-0.94742,-0.99933,0.98611,-0.00008,0.00251,-0.00000,0.00039,-0.01906,0.00001,0.00738,0.00392,-0.00006,0.00007,0.00893,0.00000,0.02572,0.00268,-0.00001,0.00030,-0.00001,0.02982,0.00013,0.03096,-0.00099,0.00021,-0.01946,-0.00402,0.99650,0.00029,0.00000,-0.00006,-0.00655,0.01296,-0.00010,-0.00073,0.00000,-0.00008,-0.00008,-0.00000,0.00009,0.00000,0.00001,-0.00000,-0.00098,0.00007,0.86698,-0.00000,-0.32697,-0.00239,-0.13243,0.01793,-0.00030,-0.00057,0.00000,0.00001,0.00004,-0.00000,0.00003,0.00048,-0.00008,-0.00460,0.00711
gs://wdp-ds-data/dolphin_ogg/080808Sb_RegPCA110.ogg	3629056	3637810	1	-0.00000,0.98887,-0.00365,-0.00849,-0.03631,0.34055,0.94680,0.02691,-0.56312,-0.00493,0.00000,0.40052,-0.00002,-0.98645,-0.03351,0.00039,-0.00066,0.00756,0.00007,0.03633,0.00058,0.00403,0.00001,-0.98443,0.00000,0.00102,0.00000,-0.00590,-0.00018,-0.00002,-0.04706,-0.00169,-0.00000,-0.00002,-0.09222,0.91079,0.00000,0.00000,-0.01137,-0.00002,0.88930,-0.00201,0.00002,-0.00000,-0.08267,0.00102,0.11583,-0.02178,0.00000,0.02432,0.00000,0.39062,-0.00000,-0.38721,-0.00452,0.00001,-0.00001,-0.03566,0.00965,-0.00000,-0.01136,-0.00678,-0.00000,-0.00000,0.00186,0.00015,-0.00285,-0.12237,-0.00092,-0.00004,-0.00003,-0.00000,0.68684,0.07454,-0.00000,0.05816,0.01043,-0.97614,-0.33748,0.06807,0.00956,0.00000,-0.00000,-0.49878,0.00505,-0.00148,0.89739,-0.00002,-0.24470,-0.00001,0.81379,0.00047,0.00012,-0.00001,-0.95899,0.00257,-0.00024,-0.00000,0.80393,-0.30411,-0.00001,-0.00002,0.31862,-0.91642,0.00995,-0.00020,-0.00002,0.00001,-0.00018,-0.22101,-0.00001,0.00000,0.00010,-0.00112,-0.00699,0.00000,-0.07864,-0.00000,-0.00000,0.04210,0.05119,0.00040,0.00000,0.56068,-0.01350,0.00001,-0.00018,0.17710,-0.00042,0.00001,-0.00003,0.00002,-0.99683,0.00000,0.00021,-0.47477,-0.00011,-0.00000,-0.00487,-0.00003,-0.00357,-0.00301,0.00220,-0.00554,-0.02891,-0.00662,-0.00976,-0.45211,-0.00000,-0.00009,0.91315,-0.00030,-0.00001,-0.00005,0.00254,-0.00256,0.00033,0.00002,-0.01109,0.15926,-0.93614,-0.00722,0.54081,-0.00017,-0.00451,-0.11274,0.00272,-0.00001,0.37565,0.00000,-0.00000,0.00720,0.00013,-0.79266,0.01412,-0.00647,-0.99796,0.00096,0.00007,0.00071,0.97196,-0.00002,0.99685,-0.27587,-0.40523,-0.00000,-0.00058,-0.00533,0.00029,-0.00012,-0.98378,0.00116,-0.00192,0.50292,-0.13861,-0.99976,0.31247,-0.01852,0.03363,0.00000,0.00189,-0.17220,0.00890,0.60428,0.04490,-0.00023,0.00037,0.00277,0.00000,0.32208,0.03099,-0.00000,0.01382,-0.12087,-0.01101,0.00002,0.17240,-0.01108,0.00019,-0.03569,-0.00283,0.98814,0.00000,0.00000,-0.00002,-0.00789,0.19626,-0.00465,-0.00156,0.00000,-0.00001,0.00017,-0.00001,0.00045,0.00009,0.00005,-0.00241,-0.00045,-0.00000,0.96935,-0.00001,-0.00157,-0.00158,-0.59770,0.00019,-0.00395,-0.00037,0.00000,0.05461,0.00024,-0.00000,0.00003,0.00006,0.00000,-0.00065,0.00000
gs://wdp-ds-data/dolphin_ogg/080808Sb_RegPCA110.ogg	3633152	3641906	1	-0.00000,0.99516,-0.00244,-0.00038,-0.00671,0.00000,0.90836,0.00025,-0.70203,-0.00084,0.00001,0.00000,0.00000,-0.98523,-0.01578,0.00000,-0.00019,0.00007,0.00001,-0.57702,0.00001,0.00155,0.00000,-0.76827,0.00000,0.00020,0.00000,-0.00268,-0.00018,-0.00000,-0.00153,-0.00006,-0.00000,-0.00000,-0.01272,0.95901,0.00000,0.00004,-0.00000,-0.00000,0.98726,-0.00158,0.00007,-0.00063,-0.00134,0.00509,0.10902,-0.00310,0.00002,0.00128,0.00000,0.67166,-0.00000,-0.63539,-0.00006,0.00000,-0.00022,-0.01559,-0.00404,-0.00000,-0.00103,-0.00000,0.00003,-0.00000,0.01158,0.00001,0.00002,-0.00402,-0.03726,-0.00000,-0.00002,-0.00001,0.44415,0.01672,-0.00000,0.06481,0.63165,-0.19942,-0.00137,0.00747,0.31996,0.00465,-0.00000,-0.97971,0.00011,-0.00078,0.46796,-0.00068,-0.98384,-0.00000,0.06743,0.00016,0.00156,0.00000,-0.99850,0.00004,0.00000,-0.00013,0.99086,-0.00106,-0.00005,-0.00071,0.96811,-0.00000,0.43188,-0.00082,-0.00158,0.00008,-0.00030,-0.00106,-0.00001,-0.00000,0.00032,-0.23512,-0.22429,0.00000,-0.12156,-0.00019,-0.00000,0.00801,0.01734,0.00008,0.00000,0.10290,-0.00007,0.00001,-0.00000,0.04857,-0.00001,0.00003,-0.00000,0.00050,-0.99911,0.00000,0.00000,-0.00703,-0.00004,0.00000,-0.00345,-0.00036,-0.00675,-0.00161,0.00081,-0.00004,-0.00002,-0.00059,-0.01724,-0.88290,-0.00000,-0.00341,0.40142,-0.00009,-0.00003,-0.00005,0.01571,-0.00002,-0.00000,0.00009,-0.00102,0.05367,-0.05687,-0.01461,0.00060,-0.00003,-0.00006,-0.03235,0.00021,-0.00001,0.09233,0.00000,-0.00000,0.00572,-0.00008,-0.99664,0.00003,-0.00009,-0.99021,0.05269,0.00011,0.00002,0.57241,-0.00000,0.99810,-0.75747,-0.43632,-0.00009,-0.01002,-0.00308,0.00179,-0.00684,-0.00411,-0.00010,0.00048,0.94107,-0.97242,-0.99952,0.92479,-0.00001,0.02028,-0.00000,0.00036,-0.01362,0.00000,0.03907,0.06990,-0.00001,0.00011,0.05298,0.00000,0.03291,0.05370,-0.00000,0.00011,-0.00009,-0.00579,0.00008,0.01243,-0.00004,0.00092,-0.00182,-0.00127,0.77390,0.00001,0.00000,-0.00002,-0.01192,0.06836,-0.00010,-0.00479,0.00000,-0.00000,-0.00001,-0.00000,0.00004,0.00000,0.00002,-0.00000,-0.00063,0.00000,0.98990,-0.00000,-0.04117,-0.00276,-0.08421,0.00210,-0.00099,-0.00236,0.00000,0.55587,0.00009,-0.00000,0.00073,0.00058,-0.00001,-0.00093,0.00097
gs://wdp-ds-data/dolphin_ogg/080808Sb_RegPCA110.ogg	3637248	3646002	1	-0.00000,0.99749,-0.00096,-0.00032,-0.00382,0.00000,0.87651,0.00014,-0.57832,-0.00039,0.00001,0.00000,0.00000,-0.98690,-0.02335,0.00000,-0.00038,0.00015,0.00006,0.48893,0.00000,0.00208,0.00000,-0.76447,0.00000,0.00047,-0.00000,-0.00267,-0.00010,-0.00000,-0.00057,-0.00009,-0.00000,-0.00000,-0.01114,0.98519,0.00000,0.00018,-0.00000,-0.00000,0.71918,-0.00123,0.00019,-0.00050,-0.00074,0.00028,0.09417,0.00334,0.00002,0.00089,0.00000,0.69402,-0.00000,-0.46760,-0.00009,-0.00000,-0.00102,-0.01233,-0.00522,-0.00000,-0.00110,-0.00000,0.00005,-0.00000,0.01091,0.00001,0.00001,-0.00343,-0.06451,-0.00000,-0.00003,-0.00000,0.38225,0.00830,-0.00000,0.01720,0.48872,-0.75313,-0.00109,0.12502,0.16324,0.01088,-0.00000,-0.97458,0.00022,-0.00081,0.36664,-0.00024,-0.07176,-0.00000,0.02297,0.00011,0.00164,0.00000,-0.99873,0.00005,0.00000,-0.00025,0.99470,-0.00100,-0.00004,-0.00044,0.95924,-0.00000,0.22005,-0.00013,-0.00131,0.00018,-0.00004,-0.00052,-0.00001,-0.00000,0.00017,-0.50769,-0.06470,0.00000,-0.15443,-0.00005,-0.00000,0.00857,0.00758,0.00006,0.00000,0.13742,-0.00010,0.00000,-0.00012,0.24355,-0.00005,0.00011,-0.00001,0.00022,-0.99989,0.00000,0.00000,-0.01195,-0.00006,0.00000,-0.00475,-0.00039,-0.00149,-0.00194,0.00077,-0.00006,-0.00001,-0.00013,-0.01731,-0.66435,-0.00000,-0.00122,0.90489,-0.00008,-0.00001,-0.00000,0.01628,-0.00001,-0.00000,0.00014,-0.00115,0.13028,-0.01551,-0.00134,0.00121,-0.00001,-0.00006,-0.05855,0.00024,-0.00000,0.06842,0.00000,-0.00000,0.03119,-0.00028,-0.96818,0.00000,-0.00155,-0.99619,0.03383,0.00013,0.00003,0.92207,-0.00000,0.96177,-0.32071,-0.69915,-0.00002,-0.01326,-0.00864,-0.00221,-0.01868,-0.00353,-0.00007,0.00012,0.21061,-0.95862,-0.99958,0.95990,-0.00004,0.00726,-0.00000,0.00056,-0.01007,0.00000,0.00588,0.03667,-0.00001,0.00011,0.00392,0.00000,0.01637,0.03491,-0.00001,0.00020,-0.00007,0.01632,0.00020,0.04241,-0.00002,0.00098,-0.00496,-0.00216,0.99915,0.00002,0.00000,-0.00003,-0.01419,0.01037,-0.00019,-0.00197,0.00000,-0.00000,-0.00001,-0.00000,0.00001,0.00000,0.00000,-0.00000,-0.00035,0.00001,0.93896,-0.00000,-0.10744,-0.00299,-0.10333,0.00571,-0.00035,-0.00107,0.00000,0.54122,0.00006,-0.00000,0.00091,0.00028,-0.00002,-0.00181,0.00098
gs://wdp-ds-data/dolphin_ogg/080808Sb_RegPCA110.ogg	3641344	3650098	1	0.00000,0.99886,-0.00039,-0.00012,-0.00402,0.00000,0.77078,0.00020,-0.59170,-0.00128,0.00001,0.00000,-0.00000,-0.98120,-0.03034,0.00000,-0.00008,0.00006,0.00004,0.12058,0.00000,0.00351,0.00000,-0.76471,0.00000,0.00022,0.00000,-0.00064,-0.00024,-0.00000,-0.00136,-0.00004,-0.00000,-0.00000,-0.00489,0.88245,0.00000,0.00012,-0.00000,-0.00000,0.55125,-0.00124,0.00028,-0.00010,-0.00016,0.00104,0.06641,0.00242,0.00000,0.00025,0.00000,0.69775,-0.00000,-0.17106,-0.00035,-0.00000,-0.00040,-0.04684,-0.00146,-0.00000,-0.00429,-0.00000,0.00031,-0.00000,0.00286,0.00000,0.00001,-0.00136,-0.98992,-0.00000,-0.00006,-0.00000,0.47356,0.01748,-0.00000,0.06917,0.37997,-0.50028,-0.00096,0.15411,0.95504,0.00105,-0.00000,-0.98706,-0.00002,-0.00128,0.34743,-0.00020,-0.37424,-0.00000,0.04885,0.00036,0.00340,-0.00000,-0.99956,0.00001,0.00000,-0.00047,0.99899,-0.00001,-0.00001,-0.00278,0.96018,-0.00000,0.07896,-0.00011,-0.00161,0.00022,-0.00004,-0.00033,-0.00001,-0.00000,0.00039,-0.28410,-0.49275,0.00000,-0.10615,-0.00001,-0.00000,0.01043,0.00236,0.00006,0.00000,0.27661,-0.00008,0.00000,-0.00005,0.49061,-0.00027,0.00003,-0.00001,0.00017,-0.99994,0.00000,0.00000,-0.02685,-0.00002,0.00000,-0.00220,-0.00015,-0.00184,-0.00113,0.00181,-0.00001,-0.00008,0.00008,-0.13962,-0.97368,-0.00000,-0.00204,0.22404,-0.00003,-0.00001,-0.00008,0.01627,-0.00020,0.00000,0.00003,-0.00405,0.06458,-0.00540,-0.00065,0.00070,-0.00001,-0.00003,-0.12611,0.00004,-0.00000,0.25558,0.00000,-0.00000,0.36659,-0.00021,-0.99762,0.00004,-0.00199,-0.99241,0.03508,0.00004,0.00001,0.98436,-0.00000,0.96997,-0.12505,-0.74537,-0.00028,-0.00334,-0.00379,-0.00144,-0.11186,-0.00223,-0.00019,0.00208,0.52135,-0.95469,-0.99981,0.96170,-0.00000,0.00700,-0.00000,0.00256,-0.00241,0.00000,0.01483,0.04676,-0.00000,0.00009,0.01015,0.00000,0.01585,0.07050,-0.00000,0.00016,-0.00018,0.00960,0.00052,0.00690,-0.00000,0.00105,-0.00010,-0.00145,0.98974,0.00010,0.00000,-0.00001,-0.01119,0.00779,-0.00012,-0.00696,0.00000,-0.00000,-0.00001,-0.00000,0.00000,0.00000,0.00001,-0.00000,-0.00021,0.00000,0.98222,-0.00000,-0.06034,-0.00180,-0.17905,0.00248,-0.00037,-0.00064,-0.00000,0.82281,0.00007,-0.00000,0.01130,0.00007,-0.00001,-0.00066,0.00028
gs://wdp-ds-data/dolphin_ogg/080808Sb_RegPCA110.ogg	3940352	3949106	1	0.00000,0.99705,-0.00000,0.00002,-0.14855,0.01598,0.00409,0.15593,0.12322,-0.06547,0.00002,0.03280,-0.99313,-0.00197,-0.00242,0.00923,-0.00018,0.00403,0.00000,0.89996,0.11216,-0.77562,0.00000,-0.99566,0.00000,0.00158,0.03004,-0.00061,-0.15129,-0.10384,-0.32719,-0.01403,0.00002,-0.09983,-0.00003,0.00000,0.00000,-0.00002,-0.00012,0.03008,0.96889,-0.44720,-0.94917,-0.00023,-0.00019,0.00089,0.00155,0.54571,-0.00000,0.00935,-0.00000,0.98644,-0.00000,0.00007,0.03664,-0.00010,-0.00000,-0.97402,0.01122,-0.00002,-0.00092,-0.01185,0.00000,-0.00001,0.00000,-0.00001,-0.00423,-0.00384,-0.99861,0.01528,-0.04426,-0.00003,0.00851,0.67517,-0.00010,0.99876,0.17842,0.98557,0.32054,-0.00009,0.96030,0.00000,0.00003,-0.99990,-0.30882,-0.16561,0.19506,-0.00012,-0.03081,-0.00000,0.97174,0.42987,0.00072,-0.00000,-0.06656,-0.00150,-0.17166,-0.00338,0.99995,-0.00019,-0.00018,-0.03146,-0.74113,-0.00094,0.05601,-0.00128,-0.00004,-0.00002,-0.00298,-0.20936,-0.00159,0.00000,0.31512,-0.00175,-0.75216,0.00001,0.83070,0.00000,-0.00526,0.75592,0.00012,0.38616,0.00000,-0.74756,-0.99751,0.00855,-0.00004,0.00285,-0.64668,0.00000,-0.00004,0.00003,-0.96062,-0.00000,0.02155,0.89690,0.00007,0.03141,-0.00018,-0.00001,0.00251,-0.00014,0.11196,-0.00002,-0.00001,-0.04015,-0.99122,-0.99938,-0.01318,-0.00031,0.97349,-0.00011,-0.00558,-0.03021,0.13122,-0.76103,0.00006,0.00127,-0.09131,0.00000,-0.98334,-0.00476,0.00884,-0.00003,-0.00004,-0.00032,0.00575,-0.00000,0.01502,0.00000,-0.00000,0.00160,-0.01035,-0.86452,0.00054,-0.07803,-0.99963,0.05481,0.01402,0.00007,0.00333,0.00000,0.23661,0.99977,0.38529,-0.66854,0.00188,-0.60700,-0.00059,-0.00157,-0.01699,-0.91983,0.00214,-0.21971,-0.07538,-0.99455,-0.18589,-0.00010,0.08618,0.00506,0.05844,-0.00040,0.00016,0.06116,0.75563,-0.00007,0.00819,0.98343,0.00000,0.73033,0.67268,-0.00000,0.89057,-0.89156,-0.00004,0.01966,0.06879,-0.00000,0.00320,-0.00051,-0.06511,0.83418,0.04234,0.00000,-0.06249,-0.50171,0.10027,-0.07654,-0.03785,0.00008,-0.00040,0.00185,-0.03848,-0.00000,0.00000,-0.00434,0.00028,-0.10898,0.00000,0.99182,-0.00023,-0.00000,-0.00528,0.22244,0.00000,-0.00271,-0.00470,-0.00000,0.08170,0.02522,-0.00005,0.82614,0.00245,0.00000,-0.01028,0.00000
