gs://wdp-ds-data/dolphin_ogg/06231201 XR.ogg	69632	78386	2	-0.00001,0.99638,-0.00060,0.00002,-0.04509,0.00004,0.97542,0.00049,-0.83942,-0.00052,0.00004,-0.00000,-0.00001,-0.87615,-0.00483,0.00010,-0.00012,0.00001,0.00000,0.14754,0.00000,0.00172,0.00002,-0.99857,-0.00000,0.00077,-0.00000,-0.09473,-0.69463,-0.00060,-0.00089,-0.00020,-0.00001,-0.12336,-0.03783,0.00000,0.53160,0.00000,-0.00006,-0.00000,0.00867,-0.00012,-0.00014,0.00000,-0.00009,0.07546,-0.00167,-0.97871,-0.00000,0.00715,0.00000,0.00732,-0.00000,-0.53481,-0.14230,-0.00000,-0.00004,-0.01514,0.00016,-0.00444,-0.00518,-0.01606,0.00000,-0.00001,0.07740,-0.00017,-0.00006,-0.00013,-0.99539,-0.00000,-0.00000,-0.00000,0.00528,0.94012,-0.00075,0.99630,-0.14493,0.99996,0.00731,0.06058,0.99997,0.00000,0.00000,-0.99255,0.01430,-0.00054,0.16720,-0.00010,0.02963,-0.00000,0.01227,0.00221,0.00000,-0.00000,-0.96336,0.00027,0.01329,-0.00000,0.00007,-0.01360,-0.00128,-0.98916,-0.97988,-0.00000,0.98574,-0.00095,-0.02127,-0.00106,-0.00044,-0.00763,-0.00000,0.00000,0.01136,-0.00157,-0.75188,0.00663,-0.56876,0.00000,-0.03114,-0.00117,0.00468,0.00019,0.00000,0.37830,-0.00008,-0.00513,-0.00016,0.00001,-0.00061,0.00001,-0.00001,0.00002,-0.99998,0.00000,0.00006,-0.88410,0.00066,-0.00001,-0.00084,-0.01440,-0.01252,0.00074,0.00049,-0.00035,-0.00020,-0.01782,-0.59257,-0.98884,-0.06888,-0.01759,-0.96438,0.00050,-0.00041,-0.00021,0.00094,-0.02301,-0.00000,0.00002,0.31114,0.00005,-0.22638,-0.00049,0.04317,-0.00008,-0.00002,-0.36658,0.00053,0.00000,0.00457,0.00006,0.00000,0.22623,-0.00004,-0.00021,0.00042,0.03347,-0.99968,0.10410,0.00014,0.00006,0.11836,-0.00000,0.01617,0.99865,-0.72493,-0.95197,-0.00369,-0.01017,0.00293,-0.01949,-0.18157,0.13785,-0.00046,-0.38444,-0.37245,-0.99941,0.01918,-0.00003,0.03176,-0.00000,0.00026,0.00478,-0.00012,0.00956,0.00086,0.00021,0.00058,0.99948,0.00000,0.74050,0.04914,-0.00000,0.00002,-0.00062,-0.01227,0.00009,0.05035,-0.00057,0.00001,-0.00077,-0.00035,0.06811,0.61709,0.00000,-0.00160,-0.14436,0.74122,-0.00039,0.00000,0.00000,-0.00000,-0.00001,-0.18598,0.00044,0.00033,-0.02133,0.00002,-0.38140,-0.00000,-0.00812,-0.00000,-0.00003,-0.00029,-0.19894,0.00342,-0.07011,-0.00397,-0.00000,0.00000,0.12987,-0.00008,0.00103,0.00068,-0.00000,-0.00492,0.00083
gs://wdp-ds-data/dolphin_ogg/06231201 XR.ogg	73728	82482	2	0.00000,0.99958,-0.00000,-0.00018,-0.04660,0.00187,0.38964,0.01008,-0.03874,-0.00011,0.00137,0.00000,-0.01358,-0.82375,-0.00100,0.00032,-0.00002,0.00000,0.00000,-0.03277,0.00000,0.01924,0.00003,-0.99898,0.00000,0.00001,0.00097,-0.01914,-0.57774,-0.00000,-0.00059,-0.00330,0.00000,-0.12431,-0.00506,0.00000,0.00000,-0.00000,-0.08333,-0.00000,0.02445,-0.07255,-0.00167,-0.00012,-0.00002,0.17949,0.01070,-0.12805,-0.00000,0.00535,0.00000,0.00095,-0.00000,-0.18789,-0.03780,0.00000,-0.00000,-0.96356,0.00946,-0.00000,-0.00797,-0.00001,0.00000,-0.00000,0.00009,0.00003,0.00001,0.00000,-0.99684,0.00117,0.00000,-0.00002,0.01797,0.00118,-0.00006,0.99950,-0.01226,-0.20818,0.01756,0.09243,0.90418,0.00000,0.00000,-0.99319,0.58301,0.00032,0.01286,-0.00036,-0.83984,-0.00000,0.18833,0.10597,0.00000,-0.00000,-0.99974,0.00011,-0.03603,-0.00001,0.43028,-0.67206,-0.00000,-0.00628,0.91267,-0.00012,0.03239,-0.00035,-0.00046,-0.00088,-0.00003,-0.00958,-0.00000,-0.00000,0.34825,-0.00001,-0.63552,0.01953,-0.19311,0.00000,-0.00045,-0.00005,0.00327,0.00004,0.00000,0.11711,-0.68288,0.00000,-0.00011,0.00000,-0.01177,0.00000,-0.00000,0.00009,-0.99957,-0.00000,0.00060,-0.58608,0.00001,0.00615,-0.00004,-0.00002,-0.00225,-0.00009,0.00259,-0.00001,-0.00091,0.07695,-0.99638,-0.98124,-0.00005,-0.00384,-0.63514,0.00001,-0.00180,-0.03142,0.00790,-0.71023,0.00000,0.00002,0.65366,0.00001,-0.93923,-0.01450,0.04493,-0.00002,-0.00001,-0.65221,0.00079,0.00000,0.00084,0.00000,-0.00000,-0.09522,-0.02347,-0.00007,-0.00004,-0.01184,-0.99978,0.03868,0.01084,0.00000,1.00000,-0.00000,0.77049,0.99984,-0.90876,-0.99067,-0.00152,-0.25463,0.00093,-0.05481,-0.11160,-0.40292,-0.06601,-0.04022,-0.17266,-0.99556,0.02115,-0.00009,0.45740,0.00013,0.00038,0.04866,0.01506,0.00214,0.01699,-0.00005,0.00103,0.98596,0.00000,-0.13918,0.15646,-0.00000,0.00382,-0.04643,-0.00396,0.04480,0.03579,-0.00000,0.00113,-0.05441,-0.00069,0.13310,0.01211,0.00000,-0.00039,-0.11435,0.50613,0.00000,-0.00002,0.00000,-0.00005,0.00068,-0.60383,0.00005,-0.00000,-0.39717,0.00562,-0.22671,0.00000,0.88073,-0.00002,-0.00000,-0.00165,-0.03080,0.00017,-0.05024,-0.00156,-0.00000,0.00004,0.03151,-0.00000,0.38701,0.00836,-0.00005,-0.00013,0.00006
gs://wdp-ds-data/dolphin_ogg/06231201 XR.ogg	77824	86578	2	-0.00000,0.98814,-0.00011,-0.00002,-0.02700,0.00020,0.75574,0.00039,0.31766,-0.00005,0.00008,0.00000,-0.00002,-0.93692,-0.00139,0.00002,-0.00011,0.00000,0.00003,0.53109,0.00000,0.00209,0.00004,-0.99849,-0.00000,0.00011,0.00000,-0.01144,-0.29617,-0.00001,-0.00294,-0.00015,0.00000,-0.03909,-0.01653,0.00000,0.00001,0.00000,-0.00001,-0.00000,0.00049,-0.00168,-0.00045,0.00000,-0.00024,0.02269,-0.00115,-0.29860,-0.00000,0.00457,0.00000,0.00200,-0.00000,-0.60219,-0.27685,0.00000,-0.00001,-0.27434,0.00004,-0.00000,-0.03994,-0.00030,0.00000,-0.00000,0.00095,0.00019,0.00001,0.00000,-0.96629,0.00000,-0.00000,-0.00000,0.03143,0.16396,-0.00032,0.99727,-0.00906,0.56773,0.00310,0.03479,0.99988,0.00000,-0.00000,-0.33212,0.03810,-0.00121,0.03199,-0.00017,0.00477,-0.00000,0.12823,0.01067,0.00000,-0.00000,-0.99960,0.00001,-0.00219,-0.00000,0.00217,-0.11518,-0.00014,-0.18950,0.98623,-0.00000,0.07371,-0.00024,-0.00018,-0.00023,-0.00001,-0.00502,-0.00000,0.00000,0.01406,-0.00003,-0.64470,0.00001,-0.50061,0.00000,-0.00011,-0.00068,0.00227,0.00005,0.00000,0.30597,-0.00513,-0.00002,-0.00008,0.00000,-0.00253,0.00000,-0.00002,0.00017,-0.99998,-0.00000,0.00003,-0.78070,0.00000,0.00054,-0.00014,-0.00003,-0.00303,0.00014,0.00240,-0.00006,-0.00004,0.00717,-0.82328,-0.97698,-0.00000,-0.00306,-0.43008,0.00004,-0.00016,-0.00151,0.00013,-0.40870,0.00000,0.00001,0.89841,0.00002,-0.19094,-0.00001,0.13828,-0.00000,-0.00002,-0.48629,0.00007,0.00000,0.01022,0.00003,-0.00000,0.12558,-0.00006,-0.00012,-0.00120,-0.71145,-0.99987,0.00324,0.00003,0.00004,0.91619,-0.00000,0.36095,0.99977,-0.89469,-0.99028,-0.00056,-0.01328,0.00008,-0.02503,-0.29688,0.03355,-0.00123,-0.22403,-0.07614,-0.99968,0.00816,-0.00011,0.03067,-0.00001,0.00016,0.01035,0.00009,0.00519,0.00713,-0.00005,0.00095,0.93415,0.00000,-0.48665,0.59784,-0.00000,0.00001,-0.00255,-0.00203,-0.00012,0.00560,-0.00018,0.00003,-0.00056,-0.00024,0.66716,0.05692,0.00000,-0.00001,-0.00539,0.73625,0.00011,0.00000,0.00000,-0.00000,-0.00000,-0.00460,0.00002,0.00025,0.00043,0.00030,-0.03634,-0.00000,0.06699,-0.00000,-0.00002,-0.00007,-0.13056,0.00051,-0.00613,-0.00046,-0.00000,0.00001,0.00091,-0.00001,0.01074,0.00034,-0.00000,-0.00017,0.00015
gs://wdp-ds-data/dolphin_ogg/06231201 XR.ogg	262144	270898	1	-0.00001,0.79861,-0.01239,0.00010,-0.02089,0.00288,-0.98532,0.00096,-0.85230,-0.00098,0.00000,0.00000,-0.00001,-0.99319,-0.00554,0.00000,-0.00008,0.00076,0.00000,-0.36257,0.01365,0.00026,0.00000,-0.97979,0.00000,0.00068,-0.00000,-0.03534,-0.36658,-0.00085,-0.03054,-0.00016,-0.00001,-0.00032,-0.62220,0.00320,0.26493,0.00001,-0.00400,-0.00000,0.99559,-0.00021,0.00005,-0.00000,-0.00089,0.00098,-0.09676,-0.56828,0.00000,0.02455,0.00000,0.02823,-0.00000,-0.93252,-0.12707,-0.00000,-0.00002,-0.00569,0.00112,-0.00077,-0.00604,-0.00227,0.00000,-0.00000,0.03752,-0.00001,0.00004,-0.53788,-0.06918,-0.00000,-0.00002,-0.00047,0.25432,0.96147,0.00126,0.81338,0.00186,0.80234,0.02448,0.09316,0.44391,0.00000,0.00000,-0.93530,0.00005,-0.00000,0.39401,-0.00001,-0.62578,-0.00000,0.02083,0.00065,0.00001,-0.00004,-0.13175,-0.00184,0.00753,-0.00000,0.37005,-0.97909,-0.00434,-0.00032,-0.93933,-0.00004,0.97682,-0.00691,-0.00677,0.00003,-0.00126,-0.00135,-0.00000,-0.00000,0.00066,-0.01410,-0.70385,0.00331,0.58877,-0.00047,-0.00000,0.10375,0.02765,0.00156,0.00000,0.32093,-0.00017,0.00649,-0.00034,0.19768,-0.00001,0.00020,-0.00000,-0.00007,-0.41363,0.00000,0.00008,0.23331,-0.00043,-0.00001,-0.00003,-0.04231,-0.00304,-0.00016,0.00562,-0.00054,0.00018,-0.01528,-0.06880,-0.95030,-0.01341,-0.01564,-0.24120,-0.00270,-0.00001,-0.00002,0.00451,-0.00974,-0.00000,0.00045,-0.02937,0.33555,-0.20047,-0.01094,0.03039,-0.00819,-0.00046,-0.99906,0.00036,-0.00000,0.20911,0.00000,-0.00000,0.15578,-0.00007,-0.00087,0.00570,0.00725,-0.91463,0.03605,0.00043,0.00091,0.99832,-0.00000,0.93110,-0.13105,-0.18447,-0.02406,-0.00070,-0.00045,0.00138,-0.00699,-0.55910,0.00356,-0.00095,0.17767,-0.07407,-0.99990,-0.42207,-0.00000,0.17483,-0.00000,0.00209,-0.00364,0.00007,0.03478,0.00021,0.00003,0.00024,0.99629,0.00000,0.62250,0.09338,-0.00000,0.00007,-0.00194,-0.00283,0.00001,0.44419,-0.01138,0.00018,-0.00218,-0.00035,0.07461,0.31761,0.00000,-0.00041,-0.00404,0.85221,-0.00017,-0.00021,0.00000,-0.00000,0.00000,-0.00247,-0.00119,0.00944,0.00153,-0.00001,-0.00669,-0.00001,0.99983,-0.00002,-0.00008,-0.00433,-0.55656,0.00215,-0.12046,-0.00264,0.00000,0.00015,0.00181,-0.00005,0.00104,0.00008,-0.00001,-0.00415,0.00030
gs://wdp-ds-data/dolphin_ogg/06231201 XR.ogg	270336	279090	2	0.00006,0.88144,-0.00000,0.00002,-0.36872,0.02328,0.00798,0.00005,0.12788,-0.00061,0.00089,0.00060,-0.88715,-0.00027,0.01372,0.00104,-0.04553,0.00008,0.00000,0.97686,0.00001,0.05153,0.00022,-0.99321,0.00000,0.00001,0.00061,-0.00238,-0.01021,-0.00209,-0.00319,-0.00376,0.00003,-0.18503,-0.00044,0.00000,0.00000,-0.00000,-0.00000,0.00283,0.72487,-0.01013,-0.03241,-0.00028,-0.00093,0.00558,-0.00475,-0.99736,0.00000,0.07570,-0.00000,0.88379,-0.00000,-0.00920,0.17289,-0.00000,-0.00000,-0.96494,0.02187,-0.00046,-0.00091,-0.01786,0.00001,-0.00000,0.00005,-0.00001,-0.00728,0.00012,-0.48026,-0.00062,-0.00198,-0.00001,0.00022,0.00159,-0.00768,0.99899,0.82405,0.81327,0.00597,0.25199,0.10656,0.00000,0.00000,-0.99826,0.73278,-0.00353,0.01843,-0.00016,0.68182,-0.00000,0.93856,0.08125,0.00001,-0.00000,0.70788,0.00750,-0.36617,-0.00008,0.99338,-0.00432,-0.00001,-0.00985,-0.89552,-0.00761,0.75015,-0.00158,-0.00010,0.00000,-0.03076,-0.00550,-0.00727,0.00000,0.00037,-0.00016,-0.18186,0.00100,0.78981,0.00000,-0.73947,0.24317,0.00611,0.00578,0.00000,-0.87065,-0.98064,0.00000,-0.00206,0.17230,-0.00521,0.00000,0.00001,-0.00000,-0.91872,0.00001,0.07745,-0.98064,0.00013,0.00000,-0.00207,-0.00017,-0.01037,0.00047,0.00017,-0.00000,0.00000,-0.02545,-0.44624,-0.98074,-0.61448,-0.00010,-0.05337,-0.00859,-0.13001,-0.00015,0.16769,-0.43932,0.00003,0.00118,-0.00722,0.10281,-0.99878,-0.03346,0.00301,-0.00000,-0.00024,-0.00056,0.04040,0.00000,0.03699,0.00000,-0.00000,0.00052,-0.00327,-0.91309,0.00051,-0.41974,-0.99988,0.05041,0.00015,0.00002,0.00007,0.00000,0.17165,0.99965,0.90679,-0.00077,0.00384,-0.74325,0.00300,0.00071,0.00609,-0.31161,0.00669,0.12136,-0.30711,-0.99978,0.02758,-0.00188,0.38858,0.00554,0.00030,-0.00554,0.05543,0.00034,0.01050,-0.00000,-0.20955,0.94050,0.00000,0.41015,0.13260,-0.00000,0.95885,-0.16134,-0.00004,0.00356,0.25242,-0.00001,0.00002,-0.00071,-0.00229,0.88721,0.09331,0.00000,-0.02270,-0.24043,0.73969,-0.00161,0.00005,0.00000,-0.00047,0.00007,-0.68043,0.00111,0.00000,-0.02559,-0.00000,-0.73178,-0.00000,0.99739,-0.00004,-0.00000,-0.00021,-0.52950,0.00001,-0.00004,-0.00167,-0.00000,0.00000,0.93899,-0.00003,0.00032,0.04563,-0.00000,-0.00396,0.00003
gs://wdp-ds-data/dolphin_ogg/06231201 XR.ogg	839680	848434	0	-0.00000,0.89682,-0.00515,0.00001,-0.00998,0.00016,0.93447,0.00266,0.47959,-0.00033,0.00000,0.00000,-0.00000,-0.95414,0.05383,0.00000,-0.00002,0.00010,0.00000,0.90031,0.00001,-0.00030,0.00000,-0.98531,0.00000,0.00063,0.00000,-0.00147,-0.00967,-0.00036,-0.00088,-0.00009,-0.00000,-0.02106,-0.23151,0.00000,0.00000,0.00002,-0.00000,-0.00000,0.86686,-0.00022,-0.00012,-0.00000,-0.00068,0.00263,-0.49698,0.32330,0.00000,0.01880,0.00000,0.50821,-0.00000,-0.62444,0.09443,-0.00000,-0.00072,-0.01274,0.00225,-0.00000,-0.00679,-0.00002,0.00000,-0.00000,0.00074,-0.00000,-0.00004,-0.00000,-0.71043,-0.00000,-0.00003,-0.00005,0.01059,0.79522,-0.00011,0.90933,0.00089,0.99689,0.06943,0.04190,0.99968,0.00000,-0.00000,-0.99660,0.00143,-0.00017,0.32381,-0.00000,0.39645,-0.00000,0.45581,0.00230,0.00000,-0.00000,0.12197,0.00001,0.00012,-0.00000,0.99697,-0.00007,-0.00107,-0.03573,-0.98993,-0.00000,0.97584,-0.00564,-0.00044,0.00000,-0.00001,-0.00027,-0.00136,0.00000,0.00004,-0.03271,-0.77981,0.00001,0.99236,-0.00004,-0.00004,0.11135,0.00982,0.00183,0.00000,0.59604,-0.00026,0.00707,-0.00006,0.00008,-0.00042,0.00000,-0.00000,0.00002,-0.87534,0.00000,0.00002,0.25576,-0.00002,0.00000,-0.00025,-0.00024,0.00233,-0.00003,0.00332,-0.00001,-0.00000,-0.00021,-0.01694,-0.99202,-0.00001,-0.00068,0.05834,-0.00025,-0.00002,-0.00001,0.00025,-0.01400,0.00000,0.00006,-0.02440,0.52994,-0.06682,-0.00000,0.00076,-0.00009,-0.00002,-0.00100,0.00011,-0.00000,-0.00038,0.00000,-0.00000,0.00407,-0.00000,-0.99552,0.00077,-0.07901,-0.99734,0.00142,0.00000,0.00003,0.00011,-0.00000,0.00086,0.99979,0.79869,-0.00597,-0.00050,-0.00936,-0.00015,0.07078,-0.33198,0.00254,-0.00029,-0.68426,-0.14249,-0.99993,-0.54461,-0.00000,0.09589,-0.00002,0.00030,-0.00586,0.00001,0.01157,0.00139,-0.00000,-0.00081,0.49476,0.00000,0.06663,0.62410,-0.00000,0.00000,-0.00020,-0.00022,0.00001,0.72631,-0.00010,0.00007,-0.00240,-0.00180,0.79888,0.01671,0.00000,-0.00002,-0.01446,0.74299,0.00033,-0.03444,0.00000,-0.00000,0.00000,-0.00000,-0.00003,0.00004,0.00014,-0.00000,-0.05058,-0.00000,0.99892,-0.00004,-0.00017,-0.00199,0.59166,0.00005,-0.00002,-0.00356,0.00000,0.06230,0.00112,-0.00000,0.00007,0.02790,-0.00000,-0.00232,0.00001
gs://wdp-ds-data/dolphin_ogg/06231201 XR.ogg	974848	983602	2	0.00013,0.90760,-0.00001,0.00002,-0.94144,0.03628,0.00118,0.00014,0.06340,-0.00711,0.00071,0.01063,-0.41637,-0.00156,0.04169,0.02125,-0.00543,0.00800,0.00001,0.99093,0.17905,0.01817,0.00045,-0.99254,0.00000,0.00024,0.00250,-0.01761,-0.02979,-0.73694,-0.03755,0.00097,0.00000,-0.08891,-0.00051,0.00000,0.00000,-0.00000,-0.00003,0.11881,0.85440,-0.21746,-0.16884,-0.00076,-0.00038,0.00062,-0.01882,-0.99259,0.00001,0.00841,-0.00000,0.76663,-0.00000,-0.00348,0.02401,-0.00000,-0.00019,-0.98002,0.01069,-0.00598,-0.00038,-0.01119,0.00000,-0.00000,0.00007,-0.00001,-0.03300,-0.00436,-0.66779,-0.00175,-0.00976,-0.00002,0.00408,0.01973,-0.03941,0.99665,0.00550,0.98784,0.03453,-0.08580,0.03500,0.00000,0.00003,-0.99784,0.69768,-0.02190,0.78497,-0.00007,0.88469,-0.00000,0.87702,0.34948,0.00002,-0.00000,0.88770,-0.00040,-0.06382,-0.00047,0.56825,-0.01770,-0.00005,-0.01069,-0.59568,-0.82424,0.03041,-0.04577,-0.00073,-0.00000,-0.08868,-0.00051,-0.00305,0.00041,0.00317,-0.00001,-0.07732,0.00022,0.82773,0.00000,-0.89282,0.89152,0.02442,0.00367,0.00000,-0.86441,-0.99917,0.00001,-0.00353,0.01813,-0.03315,0.00016,0.00001,-0.00001,-0.60587,-0.00002,0.06076,-0.94545,0.00188,0.00000,-0.00254,-0.00017,-0.00220,0.00054,0.00008,-0.00003,0.00000,-0.00224,-0.23228,-0.97393,-0.71219,-0.00022,-0.02707,-0.02018,-0.00286,-0.02586,0.36822,-0.70955,0.00216,0.14657,-0.00312,0.05972,-0.99949,-0.04422,0.00907,-0.00012,0.00001,-0.00001,0.06476,0.00000,-0.00302,0.00000,-0.00000,0.00028,-0.00056,-0.76604,0.00014,-0.13665,-0.99985,0.02950,0.00109,0.00002,0.00123,0.00002,0.07550,0.99067,0.52377,-0.00588,0.00199,-0.76141,0.00376,0.00052,0.23298,-0.17502,0.00740,-0.03586,-0.70224,-0.99783,0.03448,-0.00580,0.17817,0.00925,0.00019,-0.00093,0.00676,0.00327,0.00320,-0.00001,-0.20967,0.86428,0.00000,0.53276,0.21515,-0.00001,0.97576,-0.82942,-0.00013,0.01295,0.22091,-0.00001,0.00010,-0.01814,-0.03383,0.82672,0.03344,0.00000,-0.06923,-0.36683,0.72475,-0.00044,0.00000,-0.00000,-0.01314,0.00043,-0.12987,0.00011,0.00000,-0.00479,0.00085,-0.89070,0.00000,0.99809,-0.00094,-0.00075,-0.00005,0.29307,0.00000,-0.00026,-0.00146,0.00000,0.00030,0.19733,-0.00002,0.00017,0.08579,0.00000,-0.02986,0.00000
gs://wdp-ds-data/dolphin_ogg/06231201 XR.ogg	1003520	1012274	1	-0.00000,0.76118,-0.00424,-0.00033,-0.35612,0.29305,0.73552,0.00058,-0.79605,-0.00061,0.00009,0.27134,-0.05985,-0.99429,-0.03089,0.00008,-0.00543,0.05314,0.00018,-0.83738,0.01421,0.02997,0.00002,-0.99726,0.00000,0.00372,-0.00000,-0.01431,-0.01088,-0.00136,-0.11089,-0.00007,0.00000,-0.00009,-0.05471,0.00608,0.00000,0.00000,-0.00390,-0.00042,0.91184,-0.01102,0.00000,-0.00001,-0.05931,0.00164,-0.73105,-0.45044,0.00005,0.02428,0.00001,0.07477,-0.00000,-0.63436,-0.01105,0.00000,-0.00000,-0.11220,0.25879,-0.00005,-0.00103,-0.01248,0.00000,-0.00000,0.07126,0.00002,-0.00613,-0.15969,-0.00032,-0.00026,-0.00067,-0.00078,0.38497,0.69502,-0.00024,0.12504,0.01863,0.02226,0.32018,0.22760,0.21140,0.00000,0.00000,-0.73720,0.00191,-0.00032,0.98383,-0.00001,-0.79770,-0.00001,0.70084,0.01472,0.00011,-0.00006,-0.01582,0.00797,-0.00029,-0.00003,0.96249,-0.36426,-0.00006,-0.00001,0.38813,-0.95209,0.28415,-0.01666,-0.00147,0.00001,-0.01880,-0.00720,-0.00003,0.00014,0.00008,-0.00007,-0.00045,0.00004,-0.28580,0.00000,-0.00001,0.45968,0.07377,0.00078,0.00000,0.73079,-0.50864,0.00000,-0.00012,0.04598,-0.00002,0.00009,0.00003,0.00001,-0.89636,0.00000,0.00652,-0.48296,-0.00010,-0.00000,-0.00416,-0.00128,-0.00675,-0.00108,0.00053,-0.00266,0.00192,-0.00289,-0.02206,-0.18822,-0.00018,-0.00059,0.26648,-0.01401,-0.00001,-0.00004,0.03004,-0.00387,0.01056,0.00016,0.00449,0.82954,-0.97576,-0.00723,0.53816,-0.00101,-0.00118,-0.09373,0.01086,-0.00000,0.20554,0.00000,-0.00000,0.23809,-0.00039,-0.34476,0.00761,0.00006,-0.99047,0.07290,0.00004,0.00012,0.99663,0.00000,0.93467,0.00391,-0.33303,-0.00001,-0.00411,-0.40199,0.00060,0.00023,-0.98928,0.00497,-0.00021,0.79486,-0.32709,-0.99994,0.07097,-0.02258,0.63195,0.00002,0.00200,-0.10310,0.00629,0.40173,0.00058,-0.00005,0.01709,0.15251,0.00000,0.22538,0.02802,-0.00000,0.00542,-0.25603,-0.00605,0.00002,0.01527,-0.00022,0.00003,-0.01693,-0.00291,0.06354,0.00003,0.00000,-0.00003,-0.06491,0.80763,-0.00032,-0.00000,-0.00000,-0.00054,-0.00013,-0.00006,0.00011,0.00003,0.00005,-0.00007,-0.10442,-0.00000,0.81345,-0.00003,-0.00031,-0.00030,-0.70382,0.00174,-0.00669,-0.00006,0.00000,0.00033,0.00039,-0.00000,0.00000,0.00239,0.00000,-0.00054,0.00001
gs://wdp-ds-data/dolphin_ogg/06231201 XR.ogg	1269760	1278514	2	0.00001,0.95259,-0.00000,0.00001,-0.08778,0.01539,0.00709,0.03117,0.03684,-0.13161,0.00008,0.00023,-0.98548,-0.00018,0.00599,0.00696,-0.00020,0.00015,0.00002,0.93005,0.00570,0.00506,0.00015,-0.99934,0.00000,0.00051,0.00948,-0.00023,-0.00048,-0.02069,-0.33002,0.00479,0.00001,-0.02385,-0.00021,0.00000,0.00000,-0.00001,-0.00000,0.03779,0.47549,-0.74857,-0.93571,-0.00004,-0.00101,0.00855,-0.00703,-0.07181,-0.00000,0.31012,0.00000,0.94908,-0.00000,-0.00033,0.12100,0.00000,-0.00001,-0.99580,0.00058,-0.00000,-0.00030,-0.00124,0.00000,-0.00000,0.00001,-0.00002,-0.00263,-0.00001,-0.11850,-0.00143,-0.00003,-0.00004,0.00192,0.68589,-0.00017,0.99950,0.64869,0.98909,0.02688,0.17863,0.92008,0.00000,-0.00000,-0.99980,0.52169,-0.04830,0.09072,-0.00041,0.55394,-0.00000,0.46219,0.24927,0.00001,-0.00000,0.04556,-0.00015,-0.08794,-0.00038,0.97116,-0.00002,-0.00004,-0.05117,-0.87783,-0.00002,0.05597,-0.00316,-0.00007,0.00000,-0.00010,-0.07698,-0.01276,0.00000,0.00116,-0.00212,-0.62141,0.00000,0.72985,0.00000,-0.45960,0.86687,0.01660,0.30032,0.00000,-0.96895,-0.99646,-0.00000,-0.00473,0.01866,-0.04648,0.00000,0.00006,0.00001,-0.88012,0.00000,0.02400,-0.66156,0.00015,0.00073,-0.00007,-0.00000,0.00499,0.00003,0.00260,-0.00001,0.00000,-0.00250,-0.81872,-0.99835,-0.23018,-0.00002,-0.00890,-0.00032,-0.06303,-0.00082,0.02107,-0.75172,0.00001,0.00067,-0.01532,0.40522,-0.99893,-0.00060,0.00084,-0.00000,-0.00004,-0.00026,0.00360,0.00000,-0.00048,0.00000,-0.00000,0.00028,-0.00021,-0.99298,0.00004,-0.03600,-0.99978,0.00109,0.00004,0.00003,0.00013,-0.00000,0.02371,0.79837,0.46451,-0.00333,0.01120,-0.65487,0.00007,0.02066,-0.01175,-0.09997,0.00575,-0.34883,-0.74414,-0.99742,0.70329,-0.00127,0.05433,0.05455,0.01108,-0.00343,0.07054,0.00610,0.14965,-0.00001,0.02209,0.74186,0.00000,0.09551,0.74674,-0.00000,0.22695,-0.34939,-0.00000,0.34789,0.34696,-0.00000,0.00006,-0.09127,-0.00346,0.84794,0.00402,0.00000,-0.00154,-0.02852,0.64462,-0.01749,-0.00034,0.00000,-0.00001,0.00006,-0.00484,-0.00007,0.00000,-0.00199,0.00076,-0.76832,-0.00000,0.00915,-0.00007,-0.00015,-0.00086,0.37879,0.00000,-0.00486,-0.00963,-0.00000,0.00933,0.01389,-0.00000,0.00203,0.07729,-0.00000,-0.00605,0.00001
gs://wdp-ds-data/dolphin_ogg/06231201 XR.ogg	1482752	1491506	0	-0.00000,0.89049,-0.00000,0.00000,-0.12418,0.02341,0.02572,0.04339,0.01520,0.02235,0.00000,0.49788,-0.97831,-0.00017,0.25744,0.00049,0.01562,0.00034,0.00009,0.99999,0.01789,-0.06171,0.00000,-0.99983,0.00000,0.00026,0.00004,-0.00013,-0.00001,-0.00001,-0.35183,0.00233,0.00000,-0.00001,-0.00004,0.00000,0.00000,-0.00000,-0.00000,0.92066,0.97936,-0.22110,-0.05244,-0.00001,-0.00002,0.00314,-0.02506,0.03946,-0.00000,-0.04515,0.00000,0.87180,-0.00000,-0.00108,0.05261,-0.00005,-0.00043,-0.95436,0.02052,-0.00000,-0.00007,-0.00131,0.00000,-0.00001,0.00002,-0.00001,-0.00963,-0.00182,-0.00637,0.00033,-0.93739,-0.00003,0.00035,0.20626,-0.00005,0.00763,-0.00008,0.98707,0.13550,0.00705,0.18856,0.00000,-0.00000,-0.99939,-0.42939,-0.01649,0.63691,-0.00052,0.07179,-0.00000,0.98738,0.00980,0.00013,-0.00000,0.02200,-0.00010,-0.27870,-0.00172,0.99998,-0.00001,-0.00002,-0.01347,-0.97489,-0.00188,0.19708,-0.01124,-0.00002,0.00000,-0.00009,-0.01089,-0.00183,0.00000,0.00079,-0.03322,-0.71487,0.00000,0.88658,0.00000,-0.00005,0.69918,0.02250,0.12111,0.00000,-0.82753,-0.99743,0.00000,-0.00026,0.99622,-0.00650,0.00000,-0.00001,0.00005,-0.65641,0.00000,0.00780,0.91201,0.00003,0.00001,-0.00006,-0.00002,0.00180,-0.00035,0.00022,-0.00001,-0.00000,0.00075,-0.09884,-0.99346,-0.21761,-0.00004,0.27062,-0.00129,-0.02595,-0.00002,0.01908,-0.60153,0.00031,0.00052,-0.01334,0.18038,-0.97685,-0.00001,0.00031,-0.00000,0.00002,-0.00002,0.00101,-0.00000,0.63037,0.00000,-0.00000,0.00203,0.00018,-0.92278,0.00146,-0.00082,-0.99853,0.00239,0.00002,0.00001,0.00000,0.00000,0.01284,0.99998,0.77589,-0.00042,0.02068,-0.56761,-0.00002,0.04766,-0.46088,-0.57076,-0.00005,0.00452,-0.79535,-0.99791,-0.98436,0.00058,0.30636,0.01288,0.00305,-0.00913,0.11594,0.00183,0.12101,-0.00001,-0.00319,0.03944,0.00000,0.10717,0.67553,-0.00000,0.99858,-0.63740,-0.00000,0.00256,0.40473,-0.00000,0.00004,-0.00026,-0.00041,0.45191,0.00002,0.00000,-0.00030,-0.59068,0.46005,-0.02832,-0.80113,0.00006,-0.00003,0.00001,-0.00031,0.00027,0.00000,-0.00057,-0.00034,-0.01157,0.00000,0.99910,0.00001,-0.00026,-0.00021,0.74091,0.00002,-0.00005,-0.00268,-0.00009,0.03796,0.00043,-0.00000,0.00012,0.01112,-0.00000,-0.00441,0.00000
gs://wdp-ds-data/dolphin_ogg/06231201 XR.ogg	1544192	1552946	1	-0.00000,0.99506,-0.00221,-0.00030,-0.00132,0.00000,0.82490,0.00011,-0.88698,-0.00053,-0.00001,0.00000,0.00000,-0.99695,0.04905,0.00000,-0.00052,0.00012,0.02532,0.04784,0.00000,0.00071,0.00000,-0.76202,0.00000,0.00101,-0.00000,-0.00381,-0.00001,-0.00000,-0.00009,-0.00008,-0.00001,-0.00000,-0.01060,0.04690,0.00000,0.00010,-0.00000,-0.00001,0.79917,-0.00239,0.00050,-0.00055,-0.00061,-0.00020,-0.98399,-0.00110,0.00006,0.00042,0.00000,0.60552,-0.00000,-0.48151,-0.00012,-0.00000,-0.00073,-0.00198,-0.00446,-0.00000,-0.00565,-0.00000,0.00011,-0.00000,0.10749,0.00000,0.00002,-0.00008,-0.00000,-0.00000,-0.00032,-0.00000,0.30734,0.02109,-0.00000,0.00333,0.30072,0.10479,0.00023,-0.04800,0.92596,0.00826,-0.00000,-0.00108,0.00004,-0.00000,0.86104,-0.00039,-0.02149,-0.00000,0.00464,0.00006,0.00361,0.00000,0.24974,0.00020,0.00000,-0.00019,0.98151,0.00001,-0.00003,-0.00001,0.96966,-0.00000,0.38928,-0.00434,-0.00552,0.00048,0.00000,0.00002,-0.00001,-0.00000,0.00008,-0.66542,-0.00398,0.00000,-0.19567,-0.00000,-0.00000,0.01272,0.10061,0.00011,0.00000,0.58888,-0.00004,-0.00000,0.00008,0.52921,-0.00001,0.00095,-0.00002,0.00033,-0.53136,0.00000,0.00000,-0.01319,-0.00004,0.00000,-0.00410,-0.00058,-0.00240,-0.01223,0.00008,-0.00054,0.00028,-0.00004,-0.00953,-0.00001,-0.00001,-0.00016,-0.09582,-0.00011,-0.00000,-0.00000,0.00969,-0.00000,-0.00000,0.00020,-0.00052,0.98120,-0.00190,-0.08408,0.00261,-0.00012,-0.00005,-0.11214,0.00028,-0.00000,0.18602,0.00000,-0.00000,0.77025,-0.00054,-0.39103,0.00000,0.00084,-0.92884,0.00827,0.00020,0.00003,0.03437,-0.00000,0.80948,0.13633,-0.84188,-0.00001,-0.13433,-0.00301,0.00057,0.18807,-0.00670,-0.00026,0.00071,-0.53607,-0.98388,-0.99962,0.99308,-0.00000,0.01424,-0.00000,0.00183,-0.02184,0.00002,0.00656,0.00480,-0.00001,0.00003,0.00163,0.00000,0.01137,0.00150,-0.00006,0.00117,-0.00004,0.12379,0.00011,0.19582,-0.00003,0.00031,-0.00055,-0.00266,0.16331,0.00000,0.00000,-0.00000,-0.01145,0.00180,-0.00013,-0.00730,0.00000,-0.00008,-0.00017,-0.00000,0.00001,0.00000,-0.00000,-0.00000,-0.00016,0.00002,0.95104,-0.00000,-0.75573,-0.00688,-0.14280,0.03320,-0.00012,-0.00110,0.00000,0.02443,0.00002,-0.00000,0.00010,0.00059,-0.00004,-0.00219,0.00117
gs://wdp-ds-data/dolphin_ogg/06231201 XR.ogg	1642496	1651250	0	-0.00045,0.85466,-0.00180,0.00005,-0.00563,0.82222,0.39929,0.00391,0.09094,-0.00049,0.00002,0.00008,-0.05592,-0.81052,-0.01181,0.00006,-0.02232,0.00011,0.00193,0.55923,0.00020,0.00432,0.00062,-0.99279,0.00000,0.00077,0.00002,-0.01215,-0.00013,-0.00021,-0.01575,-0.00105,-0.00000,-0.00121,-0.05468,0.00004,0.00000,0.00000,-0.00009,-0.00001,0.94614,-0.00144,-0.00001,-0.00000,-0.51133,0.00324,-0.26600,-0.14975,-0.00000,0.00472,0.00000,0.14479,-0.00000,-0.85664,0.02973,0.00000,-0.00012,-0.48195,0.08483,-0.00000,-0.03541,-0.00035,0.00001,-0.00000,0.00058,-0.00288,-0.00243,0.00001,-0.00497,-0.00002,-0.00001,-0.00007,0.00053,0.55136,-0.00010,0.98692,0.29770,0.90312,0.51042,0.11771,0.19698,0.00000,-0.00000,-0.97656,0.00008,-0.00155,0.04081,-0.00063,0.22692,-0.00000,0.91909,0.00615,0.00051,-0.00000,0.11858,0.00003,-0.00110,-0.00005,0.31530,-0.00002,-0.00013,-0.00160,0.90910,-0.08164,0.84376,-0.00633,-0.00007,0.00000,0.00000,-0.00303,-0.00006,0.00000,0.00001,-0.00009,-0.00093,0.00012,-0.50948,-0.00000,-0.01668,0.27980,0.05643,0.00173,0.00000,-0.10171,-0.04717,0.00000,-0.00019,0.00004,-0.00111,0.00001,-0.00017,0.00009,-0.78335,0.00000,0.00290,-0.02315,-0.00000,0.00000,-0.05484,-0.00005,-0.10848,0.00013,0.00202,-0.00003,-0.00000,-0.00314,-0.00914,-0.99241,-0.00000,-0.00008,-0.25764,-0.01689,-0.00269,-0.00001,0.00117,-0.00005,0.00001,0.00644,-0.06955,0.82850,-0.87547,-0.00022,0.00338,-0.00026,-0.00009,-0.00261,0.00251,-0.00000,0.00075,0.00000,-0.00000,0.03992,-0.00001,-0.79122,0.00103,-0.00598,-0.99642,0.00422,0.00000,0.00029,0.00089,0.00000,0.33337,0.00925,0.81917,-0.00000,-0.00177,-0.03762,0.00006,0.01361,-0.18182,-0.00088,-0.00013,-0.31092,-0.00920,-0.99889,0.10491,-0.00015,0.21515,0.00236,0.00040,-0.03021,0.01271,0.23292,0.00123,-0.00002,0.02037,0.00944,-0.00000,0.78125,0.26053,-0.00000,0.00002,-0.09783,-0.00028,0.00004,0.79362,-0.00190,0.00001,-0.15067,-0.00041,0.22155,0.00010,0.00000,-0.00000,-0.00359,0.64989,-0.00230,0.00026,0.00000,-0.00009,-0.00042,-0.00005,-0.00346,0.00000,0.00013,-0.00012,-0.19308,-0.00000,0.98868,-0.00009,-0.00023,-0.00084,-0.51355,0.00000,-0.00167,-0.00087,0.00000,0.00069,0.00006,-0.00000,0.00000,0.01772,-0.00000,-0.00029,0.00023
gs://wdp-ds-data/dolphin_ogg/06231201 XR.ogg	2174976	2183730	0	-0.00006,0.92517,-0.00743,0.00004,-0.13973,0.02816,0.76349,0.00101,0.17713,-0.00001,0.00002,0.00004,0.00888,-0.91039,-0.01007,0.00003,-0.00931,0.00029,0.00001,0.99777,0.00097,0.01100,0.00041,-0.99216,0.00000,0.00038,-0.00001,-0.04781,-0.42855,-0.00869,-0.00384,-0.00162,0.00075,-0.23805,-0.37618,0.00000,0.01571,-0.00000,-0.00010,-0.00001,0.87271,-0.00018,-0.00000,-0.00005,-0.01805,0.00872,-0.31900,-0.99823,0.00000,0.01114,0.00000,0.33056,-0.00000,-0.78630,0.13968,-0.00000,-0.01327,-0.01964,0.03173,-0.19746,-0.00141,-0.16173,0.00000,-0.00002,0.02292,-0.00006,-0.00113,-0.03867,-0.00023,-0.00001,-0.00002,-0.00005,0.00267,0.99295,-0.02026,0.99236,0.00181,0.99755,0.05919,0.09334,0.78383,0.00001,0.00000,-0.50933,0.02323,-0.00052,0.17754,-0.00003,0.58853,-0.00001,0.17909,0.00343,0.00000,-0.00000,0.03636,-0.00597,-0.09817,-0.00000,0.03853,-0.99695,-0.00277,-0.06176,-0.89648,-0.00188,0.99043,-0.00621,-0.00127,0.00000,-0.00033,-0.01905,-0.00002,0.00000,0.00007,-0.00234,-0.17379,0.00227,0.93571,0.00001,-0.23109,0.50258,0.03436,0.00024,0.00001,0.64254,-0.03328,0.00095,-0.00216,0.00004,-0.00025,0.00028,0.00001,-0.00002,-0.55521,0.00000,0.00729,-0.55983,0.00043,-0.00004,-0.03059,-0.02518,-0.02712,-0.00017,0.00339,-0.00014,0.00000,-0.00095,-0.03592,-0.98080,-0.60783,-0.01045,-0.24015,-0.05931,-0.00110,-0.00003,0.00433,-0.04963,0.00012,0.01683,-0.03197,0.08501,-0.89642,-0.00183,0.01592,-0.00013,-0.00080,-0.00289,0.04417,-0.00000,-0.00335,0.00000,-0.00000,0.00799,-0.00005,-0.00096,0.00073,-0.57635,-0.99915,0.04164,0.00004,0.00033,0.09572,-0.00000,0.03630,0.60820,0.47170,-0.00045,-0.00061,-0.57045,0.00274,0.00475,0.19855,0.00424,-0.00310,-0.16997,-0.04196,-0.99993,0.01125,-0.00036,0.19003,0.00047,0.00094,-0.01861,0.02168,0.01410,0.00007,-0.00001,0.05087,0.97549,0.00000,0.44514,0.21509,-0.00000,0.00002,-0.00812,-0.00015,0.00002,0.22569,-0.00085,0.00003,-0.01154,-0.00744,0.70895,0.51269,0.00005,-0.08102,-0.09570,0.78427,-0.00053,0.00001,0.00000,-0.00001,0.00000,-0.37871,0.00318,0.00032,0.00432,-0.00000,-0.65822,-0.00002,0.99527,-0.00023,-0.00006,-0.00157,0.18754,0.00082,-0.01969,-0.00125,0.00000,0.00000,0.11111,-0.00081,0.00001,0.00549,0.00004,-0.01321,0.00002
gs://wdp-ds-data/dolphin_ogg/06231201 XR.ogg	2367488	2376242	1	-0.00000,0.93802,-0.01351,-0.00037,-0.00843,0.00000,0.98067,0.00031,-0.79951,-0.00067,-0.00000,0.00065,-0.00000,-0.98524,-0.00883,0.00000,-0.00009,0.00045,0.00429,-0.41824,0.00000,0.00431,0.00000,-0.77633,0.00000,0.01651,-0.00000,-0.00298,-0.02224,-0.00000,-0.04651,-0.00008,-0.00000,-0.00000,-0.02870,0.00018,0.00002,0.00000,-0.00001,-0.00000,0.89788,-0.00008,0.00002,-0.00000,-0.00012,0.02620,-0.99446,-0.55791,0.00000,0.01322,0.00000,0.72403,-0.00000,-0.88415,-0.00037,-0.00002,-0.00006,-0.00403,0.00142,-0.00006,-0.01164,-0.00012,0.00000,-0.00000,0.67452,0.00000,0.00001,-0.55741,-0.00000,-0.00000,-0.00144,-0.00000,0.57495,0.89255,-0.00022,0.04310,0.38576,-0.99925,0.00047,-0.08141,0.35138,0.00001,0.00000,-0.99645,0.00001,-0.00000,0.98797,-0.00000,0.82888,-0.00000,0.02995,0.00020,0.00091,-0.00000,0.92968,0.01357,0.00020,-0.00006,1.00000,-0.98784,-0.00000,-0.00018,-0.96438,-0.02841,0.88246,-0.00065,-0.07250,0.00000,-0.00027,-0.00068,-0.00000,-0.00000,0.00000,-0.67121,-0.59156,0.00001,-0.03946,0.00000,-0.00000,0.96297,0.02089,0.00001,0.00000,0.74297,-0.00006,0.00000,-0.00003,0.02993,-0.00001,0.00068,-0.00000,0.00000,-0.28036,0.00000,0.00002,-0.50698,-0.00039,0.00001,-0.00041,-0.00661,-0.00035,-0.00440,0.00002,-0.00011,0.00197,-0.00005,-0.00815,-0.99875,-0.05644,-0.00032,-0.16683,-0.00015,-0.00000,-0.00000,0.01335,-0.00000,-0.00005,0.00026,-0.00002,0.38259,-0.01899,-0.02454,0.00020,-0.00114,-0.00010,-0.99995,0.00067,-0.00001,0.05227,0.00000,-0.00000,0.30217,-0.00008,-0.98763,0.00000,0.00066,-0.99799,0.13127,0.00004,0.00003,0.99829,-0.00000,1.00000,0.91730,-0.32941,-0.00000,-0.00980,-0.00490,0.00877,0.00231,-0.04995,0.00007,-0.00055,0.04682,-0.95909,-0.99988,0.88244,-0.00000,0.05564,-0.00001,0.00393,-0.01201,0.00014,0.10105,0.00008,-0.00002,-0.00010,0.03033,0.00000,0.21462,0.00047,-0.00001,0.00042,-0.00214,-0.02469,0.00047,0.93118,-0.00033,0.00001,-0.00537,-0.00048,0.76069,-0.00001,0.00000,-0.00006,-0.24572,0.02796,-0.00001,0.00001,0.00000,-0.00001,-0.00004,-0.00001,0.00014,-0.00000,0.00000,-0.00000,-0.00038,0.00000,0.99995,-0.00000,-0.25115,-0.01161,-0.11607,0.06495,-0.00035,-0.00010,-0.00000,0.00497,0.00044,-0.00000,0.00000,0.00005,-0.00001,-0.00834,0.00000
gs://wdp-ds-data/dolphin_ogg/06231201 XR.ogg	2580480	2589234	2	0.00000,0.86554,-0.00001,0.00000,-0.06841,0.03479,0.05996,0.02193,0.00729,-0.00480,0.00050,0.00391,-0.93325,-0.00041,0.06394,0.00041,-0.00037,0.00015,0.00001,0.86737,0.00530,0.00311,0.00005,-0.99822,0.00000,0.00017,0.00400,-0.00185,-0.00015,-0.00234,-0.01195,0.00173,0.00000,-0.00271,-0.00012,0.00000,0.00000,-0.00000,-0.00000,0.05616,0.46699,-0.02396,-0.05805,-0.00002,-0.00065,0.00412,-0.01666,0.43419,-0.00000,0.27792,0.00000,0.65371,-0.00000,-0.00579,0.20793,-0.00000,-0.00000,-0.93106,0.00602,-0.00000,-0.00064,-0.00040,0.00000,-0.00000,0.00000,-0.00005,-0.01101,-0.00020,-0.02965,-0.00017,-0.00020,-0.00013,0.00051,0.70059,-0.00071,0.99868,0.10930,0.99608,0.06738,0.06764,0.83383,0.00001,0.00000,-0.99964,0.64696,-0.00100,0.44834,-0.00012,0.68663,-0.00000,0.63440,0.06814,0.00010,-0.00000,0.07512,-0.00015,-0.05342,-0.00003,0.99619,-0.00002,-0.00001,-0.03051,-0.98127,-0.00000,0.11002,-0.00245,-0.00011,0.00000,-0.00017,-0.00379,-0.00629,0.00000,0.00008,-0.00006,-0.59491,0.00000,0.98477,0.00000,-0.00595,0.21359,0.01536,0.08672,0.00000,-0.85235,-0.99447,0.00000,-0.00172,0.03496,-0.04551,0.00000,0.00000,0.00003,-0.96604,0.00000,0.03446,0.89565,0.00002,0.00002,-0.00009,-0.00000,0.00273,-0.00004,0.00021,-0.00000,0.00000,-0.00507,-0.33834,-0.99794,-0.00597,-0.00005,0.09583,-0.00105,-0.10642,-0.00018,0.03499,-0.74833,0.00000,0.00011,-0.01512,0.44980,-0.99871,-0.00062,0.00416,-0.00001,-0.00005,-0.00000,0.00432,-0.00000,-0.00202,0.00000,-0.00000,0.00030,-0.00020,-0.99708,0.00077,-0.01185,-0.99892,0.00374,0.00001,0.00000,0.00001,0.00000,0.01687,0.99988,0.96592,-0.00045,0.00091,-0.68804,0.00003,0.00369,-0.02967,-0.32944,-0.00025,-0.57578,-0.47594,-0.99963,-0.78408,-0.00968,0.10782,0.00986,0.00252,-0.00807,0.23576,0.00713,0.01993,-0.00000,-0.14271,0.44272,0.00000,0.03807,0.75580,-0.00000,0.99117,-0.15662,-0.00000,0.01131,0.66160,-0.00000,0.00002,-0.12054,-0.00241,0.48895,0.00026,0.00000,-0.00004,-0.02725,0.74563,0.01270,-0.00160,0.00000,-0.00002,0.00001,-0.00025,-0.00225,0.00000,-0.00082,-0.00007,-0.58081,-0.00000,0.99529,-0.00004,-0.00001,-0.00012,0.51220,0.00002,-0.00000,-0.00833,-0.00000,0.00235,0.00837,-0.00000,0.00009,0.09036,-0.00000,-0.00346,0.00000
gs://wdp-ds-data/dolphin_ogg/06231201 XR.ogg	3227648	3236402	1	-0.00000,0.76144,-0.04366,0.00026,-0.01932,0.00310,0.91453,0.00310,0.50004,-0.00132,0.00007,0.00000,-0.00001,-0.85854,-0.01448,0.00001,-0.00003,0.00015,0.00001,0.38983,0.00000,0.00059,0.00001,-0.99598,-0.00000,0.00156,0.00000,-0.00832,-0.19032,-0.04338,-0.00112,-0.00042,-0.00000,-0.29854,-0.11898,0.00001,0.00000,0.00001,-0.00000,-0.00000,0.35506,-0.00112,-0.00041,-0.00003,-0.00284,0.01115,-0.05697,-0.60338,-0.00000,0.00749,0.00000,0.35634,-0.00000,-0.48069,-0.04590,-0.00000,-0.00000,-0.18755,0.01317,-0.00000,-0.02751,-0.00113,0.00000,-0.00000,0.00091,-0.00103,-0.00004,-0.22829,-0.86005,-0.00001,-0.00000,-0.00160,0.00306,0.98127,-0.00345,0.99833,0.07569,0.99649,0.15568,0.61044,0.52082,0.00002,0.00000,-0.99864,0.00855,-0.00026,0.09750,-0.00077,0.21665,-0.00000,0.61405,0.01793,0.00021,-0.00000,-0.14539,0.00004,0.00031,-0.00000,0.99950,-0.00059,-0.00299,-0.06667,-0.95032,-0.00001,0.98544,-0.01436,-0.00060,-0.00000,-0.00039,-0.00026,-0.00002,0.00000,0.00076,-0.00889,-0.74040,0.00263,-0.85844,-0.00000,-0.00065,-0.01848,0.00178,0.00470,0.00000,-0.17028,-0.00108,0.05228,-0.00050,0.01031,-0.00081,0.00000,-0.00000,-0.00002,-0.95455,0.00000,0.00035,-0.40046,-0.00002,0.00000,-0.00051,-0.00013,0.02246,-0.00007,0.00322,-0.00004,-0.00000,-0.00057,-0.05789,-0.99008,-0.00006,-0.00064,-0.10776,-0.00044,-0.00030,-0.00003,0.00065,-0.11121,0.00000,0.00027,-0.09599,0.16482,-0.22346,-0.00157,0.00509,-0.00068,-0.00005,-0.16174,0.00286,-0.00000,0.29900,0.00000,-0.00000,0.00065,-0.00003,-0.95799,0.00147,-0.00859,-0.99925,0.00238,0.00001,0.00020,0.01555,-0.00000,0.86999,0.79567,0.76074,-0.01503,-0.00019,-0.00383,0.00079,0.04430,-0.03688,0.00348,-0.00097,-0.76242,-0.08073,-0.99900,0.03373,-0.00007,0.02466,-0.00006,0.00043,-0.00299,0.00064,0.02363,0.01366,-0.00000,0.00313,0.96621,-0.00000,0.24909,0.59023,-0.00000,0.00056,-0.00940,-0.00032,0.00005,0.24848,-0.00070,0.00026,-0.00243,-0.00408,0.16100,0.05127,0.00000,-0.00001,-0.06364,0.72822,0.00075,0.00006,0.00000,-0.00001,0.00000,-0.00081,-0.00033,0.00060,0.00057,-0.00000,-0.35810,-0.00000,0.69243,-0.00004,-0.00004,-0.00980,-0.28364,0.00005,-0.00014,-0.03965,0.00000,0.00292,0.02666,-0.00001,0.00032,0.00099,-0.00000,-0.00188,0.00044
gs://wdp-ds-data/dolphin_ogg/06231201 XR.ogg	3276800	3285554	1	0.00001,0.98302,-0.00259,0.00004,-0.52521,0.01167,0.08366,0.00120,-0.51859,-0.00059,0.00012,0.00000,-0.00168,-0.92504,-0.00034,0.00001,-0.00026,0.00004,0.00000,-0.59542,0.00001,0.02582,0.00050,-0.99763,-0.00000,0.00016,-0.00000,-0.00910,-0.83537,-0.03987,-0.00401,-0.00038,0.00001,-0.71988,-0.00509,0.00001,0.01077,-0.00000,-0.01463,-0.00000,0.10136,-0.00089,-0.00027,-0.00004,-0.00178,0.00492,0.00013,-0.98902,0.00000,0.00042,0.00000,0.04027,-0.00000,-0.50093,-0.14267,-0.00000,-0.00000,-0.32999,0.00330,-0.00091,-0.00106,-0.04700,0.00003,-0.00000,0.00123,0.00002,-0.00004,-0.02856,-0.99923,-0.00000,-0.00000,-0.00003,0.00035,0.99905,-0.00225,0.99904,0.21105,0.21948,0.06819,0.98859,0.02812,0.00000,-0.00000,-0.99169,0.18471,0.00063,0.18303,-0.00022,-0.87632,-0.00000,0.25573,0.01269,0.00010,-0.00000,-0.56956,0.00036,-0.01080,-0.00000,0.99788,-0.40960,-0.00005,-0.04522,0.86665,-0.00369,0.72750,-0.00013,-0.00074,0.00001,-0.00367,-0.00286,-0.00000,0.00000,0.05403,-0.00001,-0.49752,0.05584,-0.13084,0.00000,-0.26054,-0.01749,0.03010,0.00017,0.00007,0.13487,-0.02494,0.00091,-0.00016,0.00069,-0.00052,0.00001,-0.00001,-0.00002,-0.99999,0.00000,0.00248,-0.86668,0.00004,0.00034,-0.00968,-0.00223,-0.01644,-0.00065,-0.00072,-0.00003,-0.00003,-0.02980,-0.97845,-0.98847,-0.00036,-0.00900,-0.87101,-0.00133,-0.00038,-0.00134,0.00105,-0.22015,0.00000,0.00008,0.86600,0.01839,-0.49093,-0.00611,0.04384,-0.00008,-0.00001,-0.14793,0.00017,0.00000,0.30948,0.00001,-0.00001,0.00049,-0.00035,-0.00162,-0.00052,0.02161,-0.99973,0.04664,0.00264,0.00012,1.00000,-0.00000,0.46333,0.66503,-0.51835,-0.99494,-0.00051,-0.00341,0.00881,-0.04948,-0.09426,0.02440,-0.00034,0.11863,-0.28047,-0.99990,0.00038,-0.00001,0.36139,-0.00001,0.00058,0.00334,0.00026,0.01593,0.00035,0.00004,0.00802,0.99959,0.00000,0.99139,0.04412,-0.00000,0.00291,-0.11537,-0.01613,0.00000,-0.35191,-0.00005,0.00001,-0.00026,-0.00072,-0.48645,0.75831,0.00000,-0.00081,-0.38573,0.67031,-0.00005,0.00000,0.00000,-0.00000,-0.00002,-0.78182,0.00006,0.00014,-0.03190,0.00046,-0.44356,-0.00000,0.29557,-0.00001,-0.00000,-0.00060,-0.16038,0.00006,-0.12086,-0.00270,-0.00000,0.00000,0.37695,-0.00001,0.00096,0.01031,-0.00000,-0.00379,0.00001
gs://wdp-ds-data/dolphin_ogg/06231201 XR.ogg	3338240	3346994	0	-0.00009,0.91552,-0.00035,0.00005,-0.02856,0.08578,0.94425,0.00111,0.30233,-0.00018,0.00006,0.00000,0.00001,-0.68708,0.00982,0.00006,-0.00035,0.00016,0.00000,0.64755,0.00000,0.01030,0.00023,-0.99622,-0.00000,0.00104,0.00000,-0.01750,-0.43989,-0.02478,-0.00047,-0.00020,-0.00003,-0.42191,-0.08390,0.00000,0.00215,0.00000,-0.00001,-0.00000,0.20338,-0.00061,-0.00023,-0.00008,-0.00471,0.02658,-0.00552,-0.97058,-0.00000,0.00193,0.00000,0.08888,-0.00000,-0.66635,-0.29544,-0.00000,-0.00045,-0.06827,0.00254,-0.00189,-0.01379,-0.01805,0.00005,-0.00015,0.00227,-0.00038,-0.00128,0.00000,-0.94445,-0.00000,-0.00000,-0.00006,0.00010,0.99826,-0.01790,0.99991,0.00285,0.99627,0.07817,0.15415,0.73014,0.00002,0.00000,-0.98993,0.03197,-0.00168,0.16687,-0.00022,0.34603,-0.00000,0.32349,0.00580,0.00001,-0.00000,-0.05281,-0.00031,-0.10520,-0.00000,0.00799,-0.58198,-0.00441,-0.99907,0.98149,-0.00058,0.99243,-0.01731,-0.00244,0.00001,-0.00151,-0.00112,-0.00002,0.00000,0.00031,-0.00317,-0.13743,0.00143,0.94935,0.00000,-0.06849,0.06231,0.00221,0.00052,-0.00000,0.40747,-0.01238,0.00537,-0.00040,0.00001,-0.00064,0.00010,0.00004,-0.00005,-0.98519,0.00000,0.00220,-0.55729,0.00004,0.00001,-0.00353,-0.00081,0.00677,0.00019,0.00486,-0.00005,-0.00000,-0.00166,-0.10849,-0.99499,-0.03164,-0.00159,-0.99358,-0.01223,-0.00024,-0.00042,0.00095,-0.10228,0.00000,0.00098,-0.45483,0.00320,-0.13693,-0.00204,0.01529,-0.00008,-0.00003,-0.00537,0.00082,0.00000,-0.01302,0.00000,-0.00000,0.00462,-0.00006,-0.02030,-0.00087,-0.29296,-0.99846,0.02435,0.00002,0.00073,0.00239,-0.00000,0.00404,0.99978,0.87264,-0.91866,-0.00124,-0.02082,0.00119,-0.09584,0.18243,0.00458,-0.00038,-0.89949,-0.06862,-0.99972,0.00743,-0.00004,0.01300,-0.00038,0.00163,0.00778,0.00016,0.01579,0.00098,-0.00001,0.01637,0.99722,0.00000,0.87597,0.51426,-0.00000,0.00001,-0.00751,-0.00427,0.00001,0.89671,-0.00054,0.00003,-0.00120,-0.00684,0.22946,0.50089,0.00000,-0.00091,-0.03008,0.62281,0.00132,0.00002,0.00000,-0.00003,0.00001,-0.05205,0.00021,0.00011,0.00093,0.00001,-0.61911,-0.00000,0.36817,-0.00004,-0.00031,-0.00242,0.53698,0.00025,-0.01409,-0.00283,-0.00000,0.00000,0.02810,-0.00027,0.00010,0.04788,-0.00000,-0.00797,0.00044
gs://wdp-ds-data/dolphin_ogg/06231201 XR.ogg	3452928	3461682	2	-0.00010,0.96559,-0.00051,0.00003,-0.16101,0.00552,0.88759,0.00164,0.51312,-0.00121,0.00002,0.00000,0.00004,-0.98419,-0.00251,0.00001,-0.00037,0.00015,0.00002,0.19717,0.00004,0.00687,0.00075,-0.99786,-0.00000,0.00039,-0.00000,-0.02235,-0.67424,-0.01017,-0.00024,-0.00053,0.00002,-0.66560,-0.23810,0.00000,0.05118,-0.00000,-0.00024,-0.00000,0.00385,-0.00235,0.00016,-0.00000,-0.00653,0.00046,-0.00054,-0.94461,0.00000,0.00345,0.00000,0.00822,-0.00000,-0.91163,-0.33237,0.00000,-0.01377,-0.02641,0.00067,-0.00002,-0.00406,-0.00505,0.00014,-0.00002,0.01667,-0.00047,-0.00016,-0.00018,-0.99429,-0.00000,-0.00000,-0.00000,0.00114,0.99811,-0.00149,0.99770,0.05108,0.94724,0.05957,0.64572,0.37836,0.00000,-0.00000,-0.05884,0.01908,0.00147,0.53929,-0.00008,-0.05612,-0.00000,0.09938,0.00125,0.00001,-0.00000,-0.99946,-0.00012,0.00082,-0.00000,0.00216,-0.37140,-0.00925,-0.91810,0.94522,-0.00004,0.95925,-0.00205,-0.01325,0.00017,-0.00051,-0.00786,-0.00000,0.00000,0.00351,-0.00015,-0.45290,0.06473,-0.37674,-0.00000,-0.00473,0.00470,0.01200,0.00025,0.00002,0.48875,-0.00029,-0.02464,-0.00028,0.00002,-0.00021,0.00009,-0.00005,-0.00003,-0.87849,-0.00000,0.00051,-0.49471,-0.00014,0.00004,-0.01951,-0.00736,-0.01607,-0.00137,0.01410,-0.00038,-0.00003,-0.00803,-0.14750,-0.99064,-0.00017,-0.00151,-0.96106,-0.00256,-0.00010,-0.00021,0.00023,-0.05484,0.00000,0.00011,0.78370,0.11169,-0.16460,-0.00690,0.38852,-0.00009,-0.00020,-0.15179,0.00026,0.00000,0.01102,0.00000,-0.00000,0.00989,-0.00013,-0.00046,-0.00706,-0.18134,-0.99574,0.01509,0.00011,0.00090,0.18549,-0.00000,0.21197,0.99699,-0.79188,-0.97282,-0.00259,-0.00139,0.00225,-0.09486,0.43530,0.02243,-0.00045,-0.85146,-0.07701,-0.99993,0.00365,-0.00001,0.03806,-0.00001,0.00039,0.00680,0.00002,0.00363,0.00078,0.00024,0.00089,0.99976,0.00000,0.89483,0.23771,-0.00000,0.00018,-0.00067,-0.15226,0.00006,0.80460,-0.00044,0.00001,-0.00024,-0.00649,-0.00851,0.70022,0.00001,-0.00015,-0.07610,0.71149,0.00276,0.00000,0.00000,-0.00001,-0.00007,-0.10674,0.00004,0.00024,0.00033,-0.00013,-0.60820,-0.00002,-0.00022,-0.00001,-0.00000,-0.00204,-0.32775,0.00008,-0.09432,-0.00219,0.00000,0.00000,0.01681,-0.00006,0.00048,0.01042,0.00000,-0.00686,0.00080
gs://wdp-ds-data/dolphin_ogg/06231201 XR.ogg	3489792	3498546	0	-0.00006,0.95621,-0.00097,0.00008,-0.25887,0.00266,0.93098,0.00194,-0.89820,-0.00119,0.00004,0.00000,0.00128,-0.98774,-0.00124,0.00001,-0.00007,0.00110,0.00001,-0.11196,0.00089,0.00538,0.00054,-0.99700,-0.00002,0.00123,-0.00000,-0.04225,-0.15308,-0.00365,-0.00102,-0.00030,0.00001,-0.64659,-0.28133,0.00010,0.18906,-0.00001,-0.00011,-0.00000,0.00699,-0.00088,0.00012,-0.00010,-0.00315,0.00075,-0.13104,-0.97879,0.00000,0.01202,0.00000,0.00617,-0.00000,-0.86634,-0.11312,-0.00000,-0.01686,-0.01040,0.00032,-0.00024,-0.00210,-0.02502,0.00021,-0.00002,0.07271,0.00021,-0.00066,-0.00129,-0.99788,-0.00000,-0.00000,-0.00002,0.00776,0.99936,-0.00569,0.99538,0.02428,0.97467,0.06172,0.91560,0.19684,0.00000,-0.00000,-0.00442,0.00427,0.00156,0.71881,-0.00008,0.13912,-0.00000,0.01006,0.00386,0.00001,-0.00001,-0.98395,-0.00038,-0.00113,-0.00000,0.00135,-0.98350,-0.02004,-0.03913,-0.93443,-0.00000,0.99495,-0.00325,-0.09108,0.00115,-0.03577,-0.00523,-0.00000,0.00000,-0.00213,-0.00201,-0.33696,0.03807,-0.45950,-0.00000,-0.01216,-0.06158,0.02095,0.00069,0.00001,0.38942,-0.00018,-0.00770,-0.00034,0.00011,-0.00001,0.00025,0.00003,-0.00004,-0.98302,-0.00000,0.00094,-0.34178,-0.00098,-0.00000,-0.00756,-0.04796,-0.02065,-0.00073,-0.00575,-0.00194,-0.00004,-0.01273,-0.05311,-0.98588,-0.00981,-0.00186,-0.83207,-0.00492,-0.00021,-0.00021,0.00104,-0.01504,-0.00000,0.00044,0.12113,0.00081,-0.14426,-0.16013,0.50804,-0.00159,-0.00076,-0.10023,0.00028,-0.00000,0.06550,0.00000,-0.00000,-0.01084,-0.00045,-0.00172,-0.00582,0.00142,-0.98067,0.17244,0.00102,0.00268,0.88033,-0.00000,-0.07995,-0.21812,-0.35235,-0.93711,-0.00518,-0.00406,0.00855,-0.07092,0.49542,0.04183,-0.00051,-0.51066,-0.16416,-0.99976,0.00718,-0.00004,0.07895,-0.00000,0.00045,0.01089,0.00002,0.00550,0.00039,0.00045,0.00096,0.99977,0.00000,0.93046,0.16935,-0.00000,0.00015,-0.00216,-0.09525,0.00007,0.68707,-0.00483,0.00000,-0.00032,-0.00353,-0.30913,0.69637,0.00000,-0.00157,-0.30085,0.73933,-0.00150,0.00000,0.00000,-0.00001,-0.00007,-0.14563,0.00006,0.00053,0.00051,-0.00026,-0.57483,-0.00004,0.00088,-0.00001,-0.00002,-0.00245,-0.34810,0.00019,-0.50264,-0.00246,0.00000,0.00002,0.02856,-0.00010,0.00011,0.02286,0.00000,-0.01044,0.00167
gs://wdp-ds-data/dolphin_ogg/06231201 XR.ogg	3522560	3531314	0	-0.00002,0.87709,-0.00590,0.00005,-0.08386,0.00046,0.97281,0.00131,-0.84505,-0.00147,0.00007,0.00000,0.00000,-0.97016,-0.00448,0.00001,-0.00007,0.00034,0.00000,-0.33350,0.00007,0.00159,0.00015,-0.99662,-0.00000,0.00081,-0.00000,-0.03857,-0.59160,-0.02452,-0.00121,-0.00051,-0.00001,-0.69806,-0.18948,0.00004,0.03920,0.00001,-0.00003,-0.00000,0.02223,-0.00342,0.00027,-0.00004,-0.00467,0.00195,-0.00207,-0.90883,0.00000,0.00663,0.00000,0.05270,-0.00000,-0.91764,-0.13453,-0.00000,-0.00111,-0.01892,0.00086,-0.00001,-0.00705,-0.00149,0.00002,-0.00001,0.01443,-0.00016,-0.00015,-0.00018,-0.99817,-0.00000,-0.00000,-0.00006,0.00406,0.99815,-0.00055,0.99796,0.11989,0.68370,0.03924,0.76961,0.69727,0.00001,-0.00000,-0.98290,0.01003,0.00040,0.48874,-0.00014,-0.11665,-0.00000,0.05424,0.00380,0.00001,-0.00000,-0.98804,-0.00011,0.00210,-0.00000,0.14296,-0.79833,-0.01045,-0.53527,-0.97597,-0.00001,0.99085,-0.00260,-0.04205,0.00006,-0.00911,-0.00383,-0.00000,0.00000,0.00450,-0.00259,-0.65334,0.03112,-0.34870,-0.00017,-0.01125,-0.04671,0.03159,0.00052,0.00000,0.30678,-0.00009,-0.01045,-0.00039,0.00001,-0.00003,0.00043,-0.00001,-0.00003,-0.38248,0.00000,0.00074,-0.35645,-0.00033,0.00004,-0.00222,-0.00500,-0.02324,-0.00038,-0.00678,-0.00048,-0.00009,-0.01290,-0.04138,-0.98615,-0.00255,-0.00142,-0.90181,-0.00095,-0.00029,-0.00032,0.00190,-0.02862,0.00000,0.00027,0.22325,0.03863,-0.12554,-0.03113,0.04266,-0.00057,-0.00032,-0.05040,0.00029,0.00000,0.01188,0.00001,-0.00000,-0.00698,-0.00015,-0.00437,-0.00348,0.00560,-0.99049,0.07070,0.00015,0.00204,0.07350,-0.00000,0.18030,0.55728,-0.25844,-0.96032,-0.00409,-0.00034,0.00663,-0.15257,0.17486,0.02484,-0.00040,-0.67998,-0.17397,-0.99953,0.01566,-0.00001,0.05619,-0.00000,0.00111,0.00899,0.00007,0.01065,0.00134,0.00004,0.00049,0.99968,0.00000,0.70115,0.24246,-0.00000,0.00006,-0.00082,-0.08822,0.00007,0.53982,-0.00296,0.00006,-0.00113,-0.00389,0.08587,0.62666,0.00000,-0.00049,-0.06598,0.71734,0.00061,0.00000,0.00000,-0.00000,-0.00002,-0.03669,0.00012,0.00141,0.00120,-0.00001,-0.56890,-0.00002,0.03101,-0.00001,-0.00001,-0.01360,-0.24068,0.00021,-0.18448,-0.01510,0.00000,0.00001,0.03923,-0.00003,0.00077,0.02571,-0.00000,-0.00759,0.00079
gs://wdp-ds-data/dolphin_ogg/06231201 XR.ogg	3547136	3555890	2	-0.00003,0.97127,-0.00336,0.00007,-0.07055,0.00084,0.90199,0.00381,-0.48465,-0.00169,0.00001,0.00000,-0.00000,-0.97496,-0.00731,0.00001,-0.00006,0.00014,0.00001,0.06627,0.00002,0.00204,0.00006,-0.99690,-0.00000,0.00020,0.00000,-0.09285,-0.64360,-0.05292,-0.00012,-0.00007,-0.00000,-0.14244,-0.16700,0.00005,0.00403,0.00000,-0.00028,-0.00000,0.01153,-0.00191,0.00017,-0.00003,-0.00193,0.00110,-0.00037,-0.40039,0.00000,0.00078,0.00000,0.01344,-0.00000,-0.88610,-0.05429,0.00000,-0.00008,-0.04729,0.00026,-0.00000,-0.01329,-0.00012,0.00026,-0.00000,0.00689,-0.00025,0.00004,-0.00012,-0.99919,-0.00000,-0.00000,-0.00001,0.01068,0.97997,-0.00012,0.99627,0.02144,0.81624,0.04959,0.78459,0.18125,0.00000,-0.00000,-0.57224,0.00182,0.00114,0.36186,-0.00025,-0.47790,-0.00000,0.10294,0.00417,0.00007,-0.00000,-0.99993,-0.00006,0.00002,-0.00000,0.06134,-0.95254,-0.00216,-0.81879,0.97617,-0.00000,0.61624,-0.00067,-0.00727,0.00014,-0.00023,-0.00059,-0.00000,-0.00000,-0.01125,-0.00019,-0.70814,0.00535,-0.21886,-0.00001,-0.00083,-0.00040,0.01883,0.00034,0.00000,0.09112,-0.00020,-0.00089,-0.00011,0.00008,-0.00007,0.00022,-0.00001,0.00004,-0.99998,-0.00000,0.00001,-0.36948,-0.00008,0.00218,-0.00193,-0.00345,-0.00555,-0.00056,0.05261,-0.00018,-0.00001,-0.00833,-0.49274,-0.96571,-0.00001,-0.00439,-0.92173,-0.00114,-0.00009,-0.00194,0.00022,-0.07214,-0.00000,0.00007,0.76960,0.00017,-0.04478,-0.00089,0.02275,-0.00009,-0.00003,-0.07427,0.00004,0.00000,0.04270,0.00012,-0.00000,-0.01863,-0.00009,-0.00013,-0.00161,0.01685,-0.99502,0.03205,0.00017,0.00093,0.97537,-0.00000,0.02613,0.99930,-0.45887,-0.99747,-0.00128,-0.00031,0.00349,-0.11870,-0.34468,0.01824,-0.00049,-0.34124,-0.15228,-0.99984,0.03099,-0.00000,0.02140,-0.00000,0.00018,0.00720,0.00000,0.00211,0.00203,0.00005,0.00084,0.99764,0.00000,0.86469,0.19992,-0.00000,0.00007,-0.00013,-0.08516,0.00005,0.53660,-0.00024,0.00009,-0.00005,-0.00378,-0.02806,0.25450,0.00000,-0.00002,-0.03295,0.59949,0.00147,-0.00021,0.00000,-0.00000,-0.00001,-0.00127,0.00001,0.00031,0.00053,0.00013,-0.02561,-0.00001,0.00140,-0.00000,-0.00000,-0.00165,-0.10192,0.00011,-0.05176,-0.00263,0.00000,0.00001,0.00146,-0.00000,0.00397,0.00765,-0.00001,-0.00125,0.00123
gs://wdp-ds-data/dolphin_ogg/06231201 XR.ogg	3649536	3658290	2	-0.00000,0.92893,-0.00047,-0.00091,-0.01241,0.00000,-0.99578,0.00004,-0.90746,-0.00057,-0.00028,0.00008,-0.00003,-0.97774,-0.00356,0.00001,-0.00002,0.02984,0.00018,-0.49000,0.00002,-0.00150,0.00000,-0.76512,0.00000,0.04274,-0.00000,-0.00297,-0.45430,-0.00005,-0.00380,-0.00063,-0.00052,-0.00000,-0.01958,0.00618,0.84342,0.00000,-0.00166,-0.00052,0.14471,-0.00017,0.00006,-0.00000,-0.00015,-0.00185,-0.98514,-0.63677,0.00012,0.37087,0.00000,0.18631,-0.00002,-0.98972,-0.02266,-0.00086,-0.00363,-0.00006,0.00192,-0.00062,-0.00097,-0.00119,0.00000,0.00000,0.93961,0.00000,0.00003,-0.76035,-0.00011,-0.00000,-0.00482,-0.00002,0.45603,0.82656,0.00684,0.00002,0.04267,-0.04440,0.00078,0.00126,0.07198,0.00007,0.00001,-0.00695,0.00002,-0.00000,0.99704,-0.00000,0.91615,0.00000,0.00001,0.00020,0.00000,0.00002,0.32002,-0.08472,0.00049,-0.00000,0.72023,-0.97129,-0.00011,-0.00000,-0.97890,-0.00285,0.93116,-0.01205,-0.98135,0.00001,-0.07870,-0.00140,-0.00000,-0.00003,0.00003,-0.58728,-0.01015,0.00133,0.80706,-0.00000,-0.00000,0.85209,0.04044,0.00007,0.00000,0.72877,-0.00032,-0.00000,0.00005,0.81151,0.00000,0.00462,-0.00000,-0.00013,-0.01103,0.00000,0.00062,0.75509,-0.13774,-0.00004,-0.00002,-0.18323,-0.00007,-0.06423,0.00001,-0.31604,0.02259,-0.00072,-0.00063,-0.00120,-0.87360,-0.00000,-0.96611,-0.00045,-0.00000,-0.00000,0.72821,-0.00000,-0.00028,0.00022,-0.00003,0.51936,-0.00347,-0.88568,0.35120,-0.00348,-0.00081,-0.99980,0.00492,-0.00003,0.97423,0.00000,-0.00000,-0.30611,0.00692,-0.01440,0.00005,0.00010,-0.87812,0.08973,0.01138,0.00030,0.99799,-0.00000,0.97767,0.19339,-0.33261,-0.00000,-0.63633,-0.00721,0.00454,-0.00068,0.79257,0.02121,-0.00179,-0.50804,-0.98613,-0.99965,-0.99150,-0.00000,0.00576,0.00000,0.00110,-0.07835,0.00052,0.00346,0.00001,0.00040,-0.00019,0.70514,0.00000,0.03292,0.00003,-0.00010,0.00295,-0.00021,-0.34109,0.00002,0.50644,-0.00018,0.00001,-0.01206,-0.00027,0.42038,0.00132,0.00000,-0.00063,-0.43585,0.28957,-0.00004,-0.00080,0.00003,-0.00004,-0.00207,-0.00062,-0.00006,0.00010,0.00000,-0.00000,-0.00054,0.00005,0.90891,-0.00000,-0.34239,-0.06548,-0.61734,0.89126,-0.00075,-0.00005,-0.00003,0.00006,0.00232,-0.00002,0.00000,0.00001,-0.00202,-0.63138,0.00002
gs://wdp-ds-data/dolphin_ogg/06231201 XR.ogg	3686400	3695154	0	-0.00003,0.96368,-0.00353,0.00000,-0.02378,0.00002,0.99076,0.00145,-0.95061,-0.00175,-0.00000,0.00000,-0.00003,-0.97791,-0.01823,0.00001,-0.00002,0.00088,0.00001,-0.52997,0.00015,0.00066,0.00006,-0.99385,-0.00001,0.00272,-0.00000,-0.16742,-0.48458,-0.00411,-0.00496,-0.00059,-0.00002,-0.30715,-0.21074,0.00806,0.05029,0.00001,-0.00001,-0.00000,0.05819,-0.00316,0.00061,-0.00001,-0.00395,0.01008,-0.00507,-0.84207,0.00006,0.02135,0.00000,0.05588,-0.00000,-0.90946,-0.02412,-0.00000,-0.00039,-0.01337,0.00039,-0.00000,-0.00202,-0.00044,0.00001,-0.00000,0.17763,0.00014,0.00001,-0.00608,-0.99885,-0.00000,-0.00000,-0.00043,0.11491,0.99760,0.00023,0.98256,0.35531,0.78453,0.00650,0.98326,0.14161,0.00002,-0.00000,-0.89491,0.00144,0.00019,0.62901,-0.00008,0.19177,-0.00000,0.04642,0.00599,0.00003,-0.00000,-0.88906,-0.00080,0.00154,-0.00000,0.15652,-0.87850,-0.01148,-0.00280,-0.97476,-0.00060,0.99466,-0.00660,-0.08987,0.00005,-0.00057,-0.02894,-0.00000,-0.00000,0.00027,-0.00325,-0.71542,0.00621,-0.33468,-0.00013,-0.01870,-0.10453,0.08630,0.00291,0.00000,0.19190,-0.00011,-0.05592,-0.00036,0.00025,-0.00000,0.00026,0.00001,0.00002,-0.22957,0.00000,0.00018,-0.27568,-0.00117,0.00003,-0.00276,-0.06721,-0.01265,-0.00053,-0.01242,-0.00035,-0.00007,-0.02604,-0.00257,-0.98443,-0.01390,-0.00047,-0.90116,-0.00049,-0.00050,-0.00004,0.02500,-0.01456,0.00000,0.00074,0.06729,0.15468,-0.10943,-0.23202,0.01415,-0.00324,-0.00033,-0.01244,0.00061,-0.00001,0.01512,0.00002,-0.00000,-0.02813,-0.00026,-0.11422,-0.00003,0.00107,-0.97380,0.31525,0.00030,0.00762,0.96673,-0.00000,0.03282,0.18084,-0.21134,-0.81997,-0.01693,-0.00109,0.01027,-0.05770,-0.10057,0.00788,-0.00122,-0.73074,-0.55041,-0.99961,0.01316,-0.00001,0.05880,-0.00000,0.00024,0.02088,0.00001,0.02290,0.00426,0.00020,0.00023,0.99691,0.00000,0.72824,0.05173,-0.00000,0.00001,-0.00029,-0.11466,0.00019,0.48513,-0.00319,0.00004,-0.00080,-0.00158,-0.34853,0.41577,0.00000,-0.00238,-0.06773,0.73910,0.00297,0.00003,0.00000,-0.00003,0.00030,-0.00593,-0.00000,0.00057,0.00011,-0.00000,-0.10554,-0.00001,0.00763,-0.00000,-0.00001,-0.01512,-0.17645,0.00049,-0.14677,-0.00918,-0.00000,0.00002,0.01315,-0.00004,0.00008,0.02069,0.00000,-0.02276,0.00018
