/media/dkohlsdorf/GODZILLA/2011_wav//05281103.wav	536576	545330	0	-0.01531,-0.00070,-0.00183,0.99913,-0.15262,-0.99987,0.25036,-0.00006,0.07211,-0.00000,0.00169,0.02270,-0.01762,0.01284,-0.00006,-0.00000,-0.00044,0.80399,-0.00946,0.00750,-0.00339,0.27432,0.93493,-0.00033,0.71465,0.00919,0.98856,-0.00001,0.00122,0.03394,-0.00061,0.00086,-0.00113,-0.99369,0.00002,0.04589,-0.06048,-0.00255,0.04776,0.07505,0.00002,0.77908,0.00635,0.00069,0.00006,-0.12187,-0.00056,-0.05147,0.00005,0.10695,0.00000,-0.23188,-0.02895,0.98262,0.10910,0.00754,-0.00797,-0.00355,-0.17755,0.00147,0.00003,-0.00438,-0.06936,-0.05984,0.00722,0.00000,-0.01597,-0.07945,0.00960,0.00002,-0.00014,0.02955,0.14874,-0.24871,-0.00054,0.08068,-0.06628,0.17715,-0.07240,-0.65924,0.02890,-0.00224,-0.69718,0.00000,-0.83012,-0.01804,0.00027,-0.00012,0.00013,-0.00000,0.00000,0.06500,-0.00007,-0.00000,0.75409,0.00020,0.00844,-0.00122,0.00036,0.00008,-0.93190,-0.38861,-0.00058,-0.05120,-0.18831,0.00001,-0.05748,-0.00036,0.00028,-0.00014,0.04779,-0.00154,-0.00002,-0.00006,-0.00017,0.24388,-0.00573,-0.00328,0.00180,-0.00001,-0.00825,0.00001,-0.04484,-0.00056,-0.01409,-0.99623,-0.27193,-0.01472,0.09452,-0.62425,-0.54980,0.00008,0.00601,-0.00258,0.00024,-0.00002,0.00583,0.00004,0.00752,-0.27669,-0.17862,0.76988,0.00008,-0.00248,0.15978,0.09942,0.02294,0.00000,0.99977,-0.00200,-0.00058,0.00019,0.23330,0.00000,-0.05781,-0.98563,-0.00000,-0.91877,-0.98055,-0.00542,-0.02530,-0.00000,-0.00000,0.00559,-0.98303,0.00003,0.00032,0.00045,-0.99980,-0.00416,0.00007,0.31172,-0.00083,0.62450,0.02496,0.00882,-0.74125,-0.00256,0.00308,0.99562,-0.00023,0.96704,-0.00097,-0.00041,0.03035,-0.01241,-0.00510,-0.11753,0.00002,0.73590,0.26660,0.00063,0.00001,0.02219,0.00020,0.01763,-0.00692,0.37141,0.01162,-0.00067,-0.00027,-0.00209,-0.01658,0.00003,0.13096,-0.00017,0.76250,0.02407,-0.00037,0.00186,0.98837,-0.32056,-0.00094,0.00000,-0.96575,-0.08666,-0.00002,0.01689,-0.00456,-0.01424,-0.99826,0.00181,-0.09244,0.68014,0.00334,-0.01831,-0.80207,-0.00682,0.35483,-0.03642,-0.10727,0.00003,0.98231,0.00013,0.00675,-0.00837,-0.85733,-0.99804,-0.01382,-0.01409,-0.00023,-0.00007,0.22204,-0.02869,0.45410,0.00026,-0.08151,0.65820,0.03326,0.04708,0.12268,0.01505,-0.09900,-0.00000,0.99875,-0.00281
/media/dkohlsdorf/GODZILLA/2011_wav//05281103.wav	540672	549426	1	-0.00699,-0.00000,-0.00001,0.35396,-0.22334,-0.99930,0.00469,-0.00229,0.74168,-0.00307,0.00003,0.18846,-0.00000,-0.01958,-0.06921,0.00050,-0.00000,0.99985,-0.02228,0.00738,-0.16568,0.83903,0.99457,-0.00911,0.91416,0.97427,0.99729,-0.00019,0.00019,-0.00722,-0.00196,0.00001,-0.03396,-0.98998,0.00357,0.00002,-0.37039,-0.61711,0.00000,-0.00025,-0.76187,0.98287,0.85768,0.56393,0.00072,-0.16809,-0.00000,-0.07949,0.00001,-0.00017,0.00001,-0.01160,-0.77012,0.06157,0.00000,0.00015,-0.00729,-0.00001,-0.25534,0.00004,0.00016,-0.00544,0.12117,0.00177,0.00552,0.00000,-0.00291,0.00321,-0.09004,0.00524,-0.00005,0.64139,0.00158,-0.00069,-0.00040,0.56714,-0.90693,0.00059,-0.19434,-0.05784,0.00089,-0.02079,-0.01005,-0.00000,-0.12037,0.00000,0.07137,-0.39781,0.00063,-0.00339,0.00001,-0.00000,-0.00008,-0.35141,0.95642,0.00002,0.53408,-0.00027,0.00050,0.00030,-0.91257,-0.00323,-0.09398,-0.00173,0.00878,-0.00028,-0.03272,-0.45053,0.10008,0.00020,0.34951,-0.00029,0.00000,-0.73992,-0.00282,0.72819,-0.01870,-0.00006,0.67778,-0.00000,-0.05567,0.00000,-0.04459,-0.01149,-0.00481,-0.99953,-0.01532,-0.00100,0.00274,-0.26485,-0.17891,0.00000,0.03644,-0.00052,0.00001,-0.00001,0.00150,0.00057,0.00007,-0.00021,-0.66625,0.73648,-0.00001,-0.02122,0.00865,0.86924,0.93562,0.13659,0.99973,-0.00000,-0.00078,0.80739,0.00334,0.00000,-0.08141,-0.08354,-0.00000,0.94168,-0.00000,-0.68158,-0.00006,-0.00001,0.01920,0.10153,0.06228,0.00015,0.00048,0.09386,-0.99222,-0.00000,0.00038,0.03115,-0.16675,-0.99985,0.01093,0.04241,-0.83107,-0.00025,0.39782,0.98860,-0.00000,0.02874,0.06550,-0.00063,0.01359,-0.00678,-0.72293,0.14432,0.00042,-0.00108,0.04443,0.09491,0.00005,0.00096,0.01932,0.37560,-0.58694,0.04130,0.41412,-0.00175,-0.00016,0.00037,-0.49221,0.01079,0.84778,-0.00042,0.00184,0.00404,-0.00053,0.41793,-0.88514,0.80625,-0.01328,-0.00009,-0.08606,-0.65616,-0.00051,0.00127,-0.00027,0.02554,-0.99292,0.00257,-0.68096,0.48206,0.00242,0.04067,-0.55225,-0.03080,-0.31604,0.00023,-0.05925,0.00030,0.00027,0.00027,0.06018,-0.02709,0.60269,-0.62156,-0.02447,-0.42892,-0.00000,-0.00007,-0.99330,-0.38267,0.98967,-0.00000,-0.00483,0.09650,0.40847,-0.00667,-0.61574,0.10350,-0.99684,-0.01532,0.04191,-0.56745
/media/dkohlsdorf/GODZILLA/2011_wav//05281103.wav	1118208	1126962	3	-0.00000,0.12073,-0.08595,-0.00000,-0.99733,0.45461,0.00427,-0.00017,0.00094,0.21504,0.71022,0.11987,-0.00000,0.99447,-0.00002,-0.00165,-0.00000,0.04969,-0.00229,0.00000,0.00000,-0.63318,0.96431,-0.04469,0.91063,0.22068,0.00073,-0.04153,0.30223,0.00005,-0.00080,0.00004,-0.03135,-0.99429,0.00115,0.00007,-0.00000,-0.00000,0.00000,-0.00003,-0.57455,-0.00000,0.00002,0.47138,0.08151,0.04903,-0.00000,-0.85774,0.00008,0.00000,0.00084,-0.00079,-0.52047,0.44554,-0.00000,0.00009,0.00037,-0.00186,-0.00975,0.00010,0.00006,0.00032,-0.64409,0.02170,-0.02517,0.04247,-0.00000,-0.00000,0.00000,0.35179,0.30113,0.28652,0.00161,-0.00097,0.00632,0.00000,-0.34006,0.47649,-0.00011,-0.00036,0.00023,-0.00657,0.74199,-0.02246,-0.60881,-0.00000,-0.04063,0.00059,0.00007,-0.00000,0.13744,-0.00001,-0.14964,-0.00036,-0.01070,0.02937,0.00004,0.00000,0.00000,0.00246,-0.47570,0.89019,-0.05342,-0.01573,-0.03656,0.00266,-0.00001,-0.00011,0.39338,-0.00000,-0.89722,0.00055,-0.00000,-0.00588,-0.00263,0.05630,-0.18615,-0.00027,0.02512,-0.29451,0.00303,0.07803,0.00000,-0.01599,-0.19338,-0.99956,-0.00001,-0.20071,0.00305,-0.00253,-0.00005,0.00006,-0.00358,-0.93410,0.00330,-0.00001,0.77318,0.77582,0.00000,-0.00001,-0.97860,0.10563,0.00000,-0.99992,0.00161,0.15707,0.06789,0.00215,0.98828,-0.00212,-0.00000,0.99900,0.90902,-0.00000,-0.00000,-0.43916,0.70337,-0.99138,0.00000,-0.00001,-0.00028,-0.00041,0.00063,0.01837,0.64588,0.00000,0.00001,0.99484,-0.18051,-0.49667,0.00023,0.00076,-0.02211,0.89621,0.00004,0.08454,-0.98236,-0.00073,-0.01270,0.96859,-0.00002,-0.98479,-0.00019,-0.00317,0.00000,0.98983,-0.00020,-0.00003,-0.00127,-0.00148,0.14508,0.08830,0.04670,-0.07578,0.00015,0.83172,0.00626,-0.07027,0.00000,-0.00743,-0.00000,0.00000,-0.97772,0.99314,0.03067,-0.00000,0.00070,0.00157,-0.58048,0.00075,0.09416,-0.00119,-0.02273,-0.00341,0.00842,-0.99947,-0.00000,0.02365,-0.00771,-0.00127,-0.05542,-0.03588,0.50546,0.02095,0.58259,0.00065,0.51110,-0.56620,0.04947,-0.00070,-0.00030,0.63670,0.00012,0.01175,0.00461,-0.00907,0.00332,-0.99452,-0.09551,-0.02017,-0.00082,-0.00003,0.00579,-0.00085,0.48125,0.45263,0.07349,0.99557,0.37716,0.99545,0.05182,-0.60059,0.03196,-0.97523,0.00004,-0.00164
/media/dkohlsdorf/GODZILLA/2011_wav//05281103.wav	1585152	1593906	0	-0.02373,-0.00006,-0.00008,0.00146,-0.00011,-0.37737,0.03357,-0.00079,0.01148,-0.00116,0.00948,-0.05894,-0.01194,-0.08464,-0.89305,-0.00003,-0.00000,-0.00020,-0.00081,0.77144,-0.01314,0.92103,0.99977,-0.00320,0.00853,0.84982,0.92492,-0.01850,0.00064,-0.00855,-0.00401,0.00428,-0.03534,-0.86171,0.00000,0.00000,0.00788,-0.00811,0.00005,-0.00001,-0.21845,0.00037,0.00004,0.00059,0.01102,-0.04607,-0.00011,-0.46296,0.00089,-0.01172,0.00016,-0.00047,-0.00154,0.05730,-0.01752,0.00197,-0.28863,-0.00000,-0.09513,0.00511,0.00000,-0.00055,-0.04825,0.51519,0.00009,0.00000,-0.05332,0.00006,0.00874,0.02546,0.00011,-0.11849,0.03136,-0.00000,0.00514,0.26899,-0.65201,0.00273,-0.00026,-0.00001,0.00241,0.00174,0.43074,-0.00013,-0.98809,0.05621,0.13607,-0.02336,0.00007,-0.78166,0.17725,-0.74581,-0.00017,-0.00732,0.00711,0.00003,-0.00000,-0.00023,0.00328,0.01490,-0.52299,-0.00358,0.08110,-0.02959,-0.23039,-0.01007,-0.03521,-0.00003,0.02227,-0.00000,-0.68205,-0.00005,-0.00002,-0.00001,-0.00000,0.80334,-0.04771,-0.00000,0.00006,0.00000,0.36975,0.00177,-0.00059,-0.00000,-0.02534,-0.00173,-0.00090,-0.11696,0.07690,-0.00129,-0.00094,0.02096,0.00012,-0.00035,0.01794,-0.27629,-0.10118,0.00000,0.00000,-0.00005,-0.74961,0.29240,-0.00007,-0.03204,0.00017,-0.22678,0.39189,0.00139,0.89129,-0.65060,-0.00151,0.04203,0.94673,0.00000,-0.00029,-0.19808,-0.00005,-0.98780,-0.00000,-0.00021,-0.00000,-0.00042,0.01346,0.01945,-0.67898,0.00003,0.00000,0.98214,-0.97943,-0.00038,0.15061,-0.20739,-0.28915,0.48655,0.83395,0.00037,-0.64159,-0.65916,0.08153,0.99994,-0.00076,-0.88260,0.00250,-0.00000,0.00660,0.06310,-0.02164,-0.00209,0.00000,-0.01010,0.06528,0.00033,0.00032,-0.01929,0.10697,0.01075,0.17629,-0.00953,0.00002,-0.13638,-0.00003,0.00483,-0.01159,0.00002,0.82396,-0.00000,0.03510,0.00076,-0.37664,-0.00132,-0.88914,-0.02154,-0.00037,0.01755,-0.40039,-0.00814,-0.00000,0.00029,-0.00016,-0.09957,-0.87239,-0.00098,-0.10445,0.44543,-0.00216,0.01382,0.00301,-0.00000,-0.48076,0.00007,-0.00000,0.14505,0.12276,0.00524,0.00111,-0.03009,0.49123,-0.47768,-0.02418,-0.00004,-0.01224,-0.00002,0.39751,-0.09914,0.08155,-0.00004,-0.83222,0.62272,0.00693,0.00038,0.48186,0.00377,-0.28504,-0.00041,-0.00010,-0.01273
/media/dkohlsdorf/GODZILLA/2011_wav//05281103.wav	1589248	1598002	2	-0.00155,-0.00002,-0.00001,0.07037,-0.00004,0.07231,0.05564,-0.00054,0.14542,-0.00828,0.00010,0.20095,-0.11476,0.00638,-0.60946,0.41307,-0.00000,0.69589,-0.00000,0.03954,-0.00130,0.84924,0.99782,-0.01460,0.01595,0.03768,0.75563,-0.00121,0.01084,-0.00133,-0.00007,0.00007,-0.00488,-0.46794,0.00000,0.00000,0.00176,-0.00005,0.00001,-0.00000,-0.12284,0.01619,0.00001,0.00016,0.00011,-0.39615,-0.00465,-0.20853,0.00911,-0.00152,0.00002,-0.00019,-0.00016,0.31408,0.00217,0.00581,-0.00844,-0.00000,-0.16763,0.01282,0.00000,-0.00028,0.05339,-0.08257,0.00044,0.01829,0.09986,-0.00108,0.00072,0.00019,0.00001,0.38116,0.02616,0.00000,-0.00209,0.01150,-0.47555,-0.00030,-0.00000,-0.00056,0.01079,-0.01513,0.57709,-0.00003,-0.97024,0.00343,0.01265,-0.00127,0.00041,-0.04949,0.01982,-0.14952,-0.00233,-0.00000,0.00992,0.00006,-0.00000,-0.00003,0.01203,0.00370,-0.70296,-0.00098,0.02276,-0.00567,0.56027,-0.18689,-0.01203,-0.00000,0.00180,0.00000,0.17670,-0.00014,-0.00004,-0.00010,-0.00000,0.64978,-0.01822,-0.00000,0.00186,0.00000,-0.26526,0.00049,-0.00137,-0.00000,-0.00008,-0.00029,-0.02064,-0.03028,0.10310,-0.04443,-0.00026,0.01845,0.00073,-0.00054,0.00009,-0.00793,-0.00420,0.00000,-0.00000,-0.00000,-0.42857,0.76586,0.00090,-0.00005,0.01594,-0.08996,0.98813,0.00010,0.99538,-0.61722,-0.00013,0.00014,0.91231,0.00023,-0.00422,-0.00018,-0.00001,0.14588,-0.00000,-0.00005,-0.00000,-0.00429,0.00122,0.00095,0.81951,0.00033,0.00000,0.00043,-0.87058,-0.00005,0.00259,0.02894,-0.04715,-0.89471,0.81726,0.00005,-0.99289,-0.10144,0.35198,0.99950,-0.00197,-0.30976,0.00108,-0.00002,0.02865,0.05294,-0.00975,0.00009,0.00000,-0.01128,0.28308,0.00001,0.00021,0.16158,0.34719,0.02504,0.80276,0.01260,0.00003,-0.08627,-0.00010,0.03297,-0.02685,0.00017,0.96977,-0.00002,0.29726,0.00074,-0.24010,0.00006,0.31009,0.30250,-0.00007,0.00670,-0.99461,-0.98802,-0.00000,0.00039,-0.00008,-0.01875,-0.10043,0.00354,-0.68702,-0.07858,-0.00617,0.01823,-0.06409,-0.00000,-0.12332,0.00021,0.00047,0.00989,0.00010,0.00281,0.00092,-0.02602,0.13327,-0.18966,-0.01387,0.00036,-0.10341,-0.00000,0.02579,-0.01495,0.05051,0.00001,-0.10372,0.00477,0.00699,0.00219,-0.00879,0.00289,-0.92472,-0.00005,0.00078,-0.00011
/media/dkohlsdorf/GODZILLA/2011_wav//05281103.wav	1617920	1626674	0	-0.00003,0.00001,-0.00007,-0.02146,-0.42910,0.04809,0.00090,-0.05174,0.00046,-0.12768,0.15949,-0.01235,-0.00000,0.10598,0.51164,0.61644,-0.00000,0.00018,-0.00003,0.09152,-0.00003,0.93234,0.99998,-0.37851,0.39330,0.99076,0.50631,-0.03061,0.00123,-0.00696,-0.20232,0.00688,-0.00013,-0.98002,0.00000,0.00002,0.05737,-0.00391,-0.00000,-0.00023,-0.80562,-0.00005,0.01276,0.00004,0.13744,-0.54743,-0.00000,-0.61908,0.00032,-0.00203,0.02250,-0.00000,-0.00205,0.00018,-0.00002,0.00017,-0.07517,-0.00000,0.22134,0.01403,0.00001,-0.00009,0.09849,0.01293,-0.02768,0.00000,-0.00004,-0.00003,0.00022,0.05172,0.00413,0.44209,0.00001,0.00000,0.00695,0.01227,-0.21462,0.00041,-0.00074,-0.00004,0.00167,-0.00156,0.05547,-0.00156,-0.10142,-0.00001,0.00020,0.00108,0.00000,-0.00280,0.27378,-0.70887,-0.09341,-0.01970,-0.02749,0.00011,0.00007,-0.00000,0.00156,0.06809,-0.77133,-0.00078,0.02128,-0.00671,0.27536,-0.00612,-0.00006,-0.00221,0.02080,-0.00000,0.44152,0.00009,-0.00021,-0.00160,-0.00007,-0.36111,-0.27909,-0.00000,0.00101,0.00004,-0.00129,0.02220,0.00035,-0.00000,-0.26463,-0.01400,-0.00000,-0.80306,0.00093,-0.00000,-0.00066,0.00796,0.00213,-0.00133,0.01168,-0.00546,-0.00799,0.00011,-0.00000,-0.00001,-0.62214,0.04647,-0.00002,-0.06703,0.00281,-0.17324,0.01324,0.00123,0.12908,-0.09533,-0.00101,0.11689,0.86818,0.00003,-0.00022,-0.00500,-0.00035,-0.94987,-0.00000,-0.07517,-0.00000,-0.00628,0.00474,0.00458,0.14337,0.00000,0.00002,0.30665,-0.29343,-0.00000,0.00005,-0.02223,-0.09085,0.63915,0.81080,0.00001,-0.99979,-0.00843,0.43205,0.99997,-0.00000,-0.99855,-0.00000,-0.00000,0.00000,0.46611,-0.00006,-0.00067,0.00000,-0.00101,-0.00178,0.00262,-0.00102,-0.00009,0.18211,0.00154,0.33095,-0.12978,0.00007,-0.68919,-0.00007,0.00000,-0.26566,0.00006,0.89846,-0.00000,0.00574,0.00000,-0.53375,0.00275,-0.28914,-0.00338,-0.00016,0.00009,-0.07727,-0.99982,-0.00000,0.00074,-0.00013,-0.80830,0.00496,-0.00452,-0.30458,-0.82118,-0.00387,0.42262,-0.09259,-0.00000,-0.74682,0.00014,-0.00000,0.00211,0.00000,0.02405,0.00000,-0.00035,0.09281,-0.91920,-0.12532,0.00001,-0.00005,-0.00000,-0.00190,-0.16923,-0.06466,-0.00000,-0.00085,0.30053,0.00094,-0.00598,-0.16696,0.03143,-0.09860,-0.25759,0.00021,-0.00392
/media/dkohlsdorf/GODZILLA/2011_wav//05281103.wav	4317184	4325938	1	-0.30299,-0.00018,-0.00002,0.00733,-0.01163,-0.11226,0.02153,0.74877,-0.36255,-0.00010,0.00012,0.01768,-0.00021,0.09404,0.05643,-0.00799,-0.00000,0.44444,-0.00035,0.42802,-0.00060,-0.93544,0.99999,-0.58690,0.00043,0.66947,0.99997,-0.00340,0.00095,-0.08867,-0.39296,0.00943,-0.99969,-0.99712,0.01125,0.00023,0.00192,-0.01314,0.00000,-0.00045,-0.73094,0.28022,0.00003,0.00078,0.10800,-0.19416,-0.00022,-0.10548,0.52096,-0.00003,0.01333,-0.00000,-0.00032,0.99094,0.07833,0.00000,-0.04416,-0.00003,-0.00269,0.02650,0.00260,-0.01439,-0.92970,-0.95638,0.21178,0.00000,-0.04318,0.00019,0.00003,0.03810,0.03462,0.00049,0.00156,-0.00023,-0.02720,0.00004,-0.99811,-0.00096,-0.00501,-0.00126,0.29225,-0.00028,0.76768,-0.00011,-0.01524,-0.00064,0.39595,-0.00343,0.26205,-0.09319,0.47359,0.97371,0.91028,-0.32362,0.00169,0.05944,-0.07317,0.00013,0.00229,0.68572,-0.98893,-0.27389,0.54080,-0.01360,-0.14243,-0.49680,-0.00216,-0.48935,0.00388,0.00029,-0.10234,-0.00008,-0.00513,-0.00011,-0.00001,0.88516,-0.00071,-0.00000,0.00019,0.10842,-0.95912,0.00003,-0.00002,-0.00000,-0.61171,-0.01024,-0.00000,-0.00062,-0.01122,-0.01373,-0.00134,0.00017,0.01391,-0.05711,0.00076,-0.00004,0.00241,0.00011,0.00001,-0.00054,-0.03419,-0.13382,0.03826,-0.00010,0.00307,0.47993,0.96694,0.09243,0.01046,-0.93541,0.00001,-0.05231,0.82879,0.00171,-0.00249,-0.00404,-0.00000,-0.99738,-0.00003,-0.00781,-0.00000,-0.00193,0.15560,0.00830,-0.90912,0.00011,0.01448,0.32884,-0.99950,-0.00008,0.00510,0.03928,-0.11473,-0.42910,0.03544,0.16002,-0.99527,-0.00062,-0.77501,0.99768,-0.00000,0.22574,-0.00001,-0.00012,0.00000,-0.19466,-0.00000,-0.00003,0.00000,-0.00347,0.00017,0.33069,0.00008,0.05883,0.00054,0.71538,-0.77500,-0.38242,0.00003,-0.01353,-0.00000,0.00120,-0.00293,0.00420,0.84707,-0.00109,0.03408,0.00002,-0.20563,0.00017,-0.15651,-0.00120,-0.00000,-0.27595,0.06007,-0.96838,-0.00000,-0.01021,-0.07691,-0.00042,-0.94818,0.01578,0.00711,0.16213,0.00659,0.58642,0.12740,-0.00000,-0.00198,-0.00049,-0.00000,0.00046,0.00004,0.03029,0.00000,-0.99581,-0.80023,-0.51938,-0.00084,-0.00134,-0.60690,-0.00001,0.51895,-0.14297,-0.12486,0.00661,-0.00414,0.00399,0.00003,0.00028,0.08110,0.09157,0.08453,-0.95031,0.00112,-0.00049
/media/dkohlsdorf/GODZILLA/2011_wav//05281103.wav	5050368	5059122	1	-0.00263,-0.00005,-0.00004,0.16597,-0.22944,-0.99465,0.34213,-0.00531,-0.02561,-0.00024,0.00024,0.08376,0.00059,0.08115,0.00112,-0.00000,-0.00000,-0.00002,-0.02060,0.00101,-0.00004,0.94017,0.99871,-0.02196,0.00280,0.04706,0.99549,-0.00001,0.03280,-0.19758,-0.00688,0.18739,-0.51516,0.95666,0.00000,0.00011,0.03203,-0.00173,0.00001,-0.08384,-0.00317,0.36136,0.00060,0.00062,0.01079,-0.78331,-0.00095,-0.47380,0.00916,0.00252,0.00009,-0.00008,-0.05841,0.20174,0.00285,0.04397,-0.00693,-0.00033,-0.01300,0.00577,0.00002,-0.00177,-0.77274,-0.98958,0.02635,0.00000,-0.00027,0.00152,0.00047,0.00002,0.01690,0.00219,-0.03270,-0.00836,-0.00616,0.04350,-0.29893,0.00001,-0.00126,-0.90186,0.00865,-0.00851,0.48583,-0.00000,-0.58601,-0.00406,0.01025,0.00000,0.00132,-0.00010,0.00023,0.18603,0.00462,-0.00000,-0.05504,0.00247,-0.54446,0.00002,0.00014,0.00661,-0.12239,-0.02178,0.00002,-0.02663,-0.27162,-0.00566,-0.02983,-0.00031,0.00009,-0.00002,0.02006,-0.00322,-0.00089,-0.00022,-0.00005,0.45913,-0.00362,-0.00003,0.00140,-0.06942,-0.02406,0.00005,-0.03276,-0.00023,-0.25781,-0.71921,-0.00003,-0.01090,0.25549,-0.06762,-0.10888,0.00611,0.00076,-0.00472,0.03283,-0.00003,0.00026,0.00000,0.00014,-0.00164,-0.89413,0.84006,0.00062,-0.00011,0.54802,0.03528,0.84800,0.00116,0.69681,-0.07194,0.00005,-0.00000,-0.01558,0.00000,-0.00001,-0.17108,-0.00000,-0.65351,-0.01448,-0.00287,-0.00003,-0.00065,-0.00030,0.00947,-0.18971,0.00000,0.00001,0.00001,-0.77384,-0.00903,0.01748,0.38958,-0.00238,-0.77929,0.28777,0.00571,-0.97015,-0.00140,0.01740,0.99920,-0.00497,-0.06099,-0.00005,-0.00109,0.00481,-0.00751,-0.00001,-0.00000,0.00010,0.22509,0.00390,0.00003,0.00002,0.40824,0.00060,0.04462,-0.00017,0.67710,0.00009,-0.03122,-0.00009,-0.00001,-0.00617,0.00018,0.71507,-0.00001,0.68024,0.00999,-0.12430,-0.00626,0.08932,-0.45890,-0.00000,-0.00746,0.98937,-0.00008,-0.00000,-0.00234,-0.08656,0.00004,-0.99913,0.00036,-0.34009,0.34232,0.00070,-0.00303,-0.05527,-0.00156,-0.03536,0.00935,-0.03826,0.00001,0.00435,0.00267,0.00012,-0.07558,0.75177,-0.98899,-0.12635,-0.00276,-0.00660,-0.00109,0.94810,-0.01156,0.08081,0.00022,-0.00197,0.01712,0.00149,0.33987,0.14598,0.01077,-0.94955,-0.00004,0.04385,-0.00015
/media/dkohlsdorf/GODZILLA/2011_wav//05281103.wav	5128192	5136946	1	-0.04328,-0.00007,-0.00000,0.40454,-0.00100,-0.48589,0.08156,-0.40055,-0.84099,-0.00002,0.00035,0.31060,-0.00003,0.00335,0.00898,0.74903,-0.00000,0.86845,-0.00284,0.01008,-0.00003,0.70700,0.99974,-0.05836,0.92874,0.00041,0.96172,-0.00103,0.00388,-0.12993,-0.38729,0.00058,-0.89095,-0.98338,0.00079,0.00010,0.03868,-0.21545,0.00000,-0.00681,-0.12482,0.20307,0.01908,0.00009,0.00363,-0.88697,-0.00094,-0.50698,0.01682,-0.00357,0.00011,-0.00004,-0.00365,0.79473,0.00986,0.00000,-0.05768,-0.00002,-0.00217,0.00630,0.00009,-0.00002,0.03977,-0.16159,0.04377,0.00000,-0.49685,-0.02281,0.00259,0.00046,0.00037,0.11641,-0.07984,-0.00021,-0.05081,0.00131,-0.98542,-0.00000,-0.00075,-0.05073,0.46028,-0.00401,0.59027,-0.00000,-0.41842,-0.02951,0.08301,-0.00065,0.20527,-0.00700,0.14879,0.99051,-0.69946,-0.00702,0.52901,0.00012,0.62440,0.00012,0.14008,0.00802,-0.98953,-0.00679,0.00173,-0.00937,-0.82949,-0.11202,-0.03494,-0.01765,0.00002,0.00064,-0.03238,-0.00271,0.00111,0.00558,-0.00064,0.30138,0.00002,-0.00000,0.07952,-0.00000,-0.75134,0.00000,-0.10613,-0.00000,-0.35441,-0.05152,-0.00116,-0.00183,0.07318,-0.88868,-0.05187,0.00012,0.00174,-0.00164,0.00062,-0.00033,0.01436,0.00001,0.00153,-0.00265,0.56562,0.03800,0.00906,-0.00001,0.53045,-0.61056,0.99932,0.02419,0.21616,-0.86421,0.00979,-0.20063,0.56735,0.00002,-0.02637,-0.00045,-0.00000,0.12879,-0.00030,-0.92064,-0.00012,-0.00460,0.01217,0.01679,0.85961,0.00008,0.00193,0.05603,-0.03537,-0.00006,0.13601,0.00804,-0.00519,-0.99136,0.56611,0.02777,-0.99461,-0.00062,-0.58827,0.94923,-0.00410,0.57626,0.00011,-0.00077,0.00645,-0.00315,-0.00006,-0.00059,0.00035,-0.00751,0.00239,0.01485,0.00081,0.10309,0.02200,0.25133,-0.26781,0.54121,0.00179,-0.00200,-0.00000,0.00022,-0.12032,0.00151,0.88449,-0.00053,0.08207,0.00010,-0.58569,0.00098,-0.01307,-0.00224,-0.00046,-0.05764,0.97856,-0.85210,-0.00008,-0.00113,-0.00065,0.00025,-0.70066,0.02623,-0.88568,-0.38736,0.00023,0.05520,-0.01656,-0.00002,-0.00205,-0.00624,0.00026,0.00004,0.00000,0.07341,0.00000,-0.00133,0.51459,-0.14660,-0.07223,-0.15958,-0.09253,-0.00003,0.97060,-0.79071,-0.00989,0.00017,0.00178,0.01712,0.03460,-0.00087,0.05485,0.00676,-0.98901,-0.74775,-0.00896,-0.12882
/media/dkohlsdorf/GODZILLA/2011_wav//05281103.wav	5132288	5141042	1	-0.05692,-0.00354,-0.00000,-0.00330,-0.01751,-0.42933,0.01106,-0.54875,-0.37652,-0.00022,0.00156,0.73814,-0.00906,0.06653,0.01886,0.97295,-0.00001,0.02018,-0.00188,0.03202,0.00003,0.77145,0.99560,-0.01300,0.03372,0.00728,0.99882,-0.00702,0.88602,-0.41393,-0.00721,0.00920,-0.83900,-0.88557,0.00838,0.00126,0.00033,-0.00055,0.00001,-0.00536,-0.16341,0.21588,0.00115,0.00005,0.03194,-0.38445,-0.04188,-0.59115,0.87827,-0.00000,0.03503,-0.00004,-0.00817,0.45994,0.11399,0.00014,-0.43514,-0.00001,-0.03692,0.20412,0.00053,-0.00031,0.07387,0.85890,0.09416,0.00001,-0.02292,0.00496,0.00042,0.00994,0.00003,0.30868,-0.02015,-0.00000,-0.00766,0.00068,-0.97148,-0.00156,-0.00092,-0.03719,0.26371,-0.04689,0.54908,-0.00008,-0.07933,-0.04996,0.00261,-0.01074,0.17190,-0.06633,0.92270,0.97741,-0.99124,-0.10713,-0.07863,0.00012,-0.01088,0.00034,0.52786,0.02002,-0.92897,-0.06206,0.00528,-0.02121,-0.23530,-0.13097,-0.31547,-0.03814,0.00120,0.00004,-0.11705,-0.00043,-0.01038,0.00443,-0.00007,0.94559,-0.00249,-0.00000,0.00193,0.00274,0.00166,0.00000,0.00063,-0.00000,-0.04861,-0.00737,-0.00028,-0.00087,0.20226,-0.74834,-0.01595,0.00000,0.00058,-0.01871,-0.00395,-0.00143,0.00661,0.00003,0.00340,-0.00014,0.32477,0.03710,0.00111,-0.00085,0.12043,-0.00975,0.87159,0.00010,0.04999,-0.59831,0.00024,0.00206,0.65803,0.00000,-0.00559,-0.00277,-0.00000,-0.31916,-0.00303,-0.02856,-0.00000,-0.00094,0.00043,0.30687,0.54446,0.00000,0.00305,0.00168,-0.03209,-0.00022,0.11506,0.80269,-0.00151,-0.99359,0.53090,0.00787,-0.98841,-0.00902,-0.75713,0.82527,-0.00351,0.30179,0.00002,-0.00010,0.00206,-0.15865,-0.00000,-0.00001,0.10779,-0.00147,0.00265,0.00691,0.00285,0.01316,0.00739,0.12381,-0.58296,0.00599,0.00083,-0.00642,-0.00003,0.00002,-0.00730,0.07000,0.73317,-0.00048,0.00209,0.00639,-0.52799,0.00294,-0.01513,0.02152,-0.00002,-0.10353,0.98195,-0.97127,-0.00003,-0.00110,-0.00031,0.00348,-0.97497,0.03359,-0.01278,-0.08517,0.00183,0.10180,-0.00738,-0.00001,-0.04078,-0.00250,0.00017,0.00008,0.00192,0.05484,-0.00001,-0.00224,0.31547,-0.07976,-0.02760,-0.04546,-0.05138,-0.00001,0.57133,-0.14252,-0.01041,0.00230,-0.00456,0.02073,0.01346,-0.30207,0.39015,0.17932,-0.99150,-0.00182,-0.00479,-0.01898
/media/dkohlsdorf/GODZILLA/2011_wav//05281103.wav	5136384	5145138	1	-0.28100,-0.00014,-0.00000,0.08641,-0.06873,-0.43735,0.00204,-0.67680,-0.55956,-0.00085,0.00372,0.55835,-0.00003,0.00555,0.08513,0.99971,-0.00000,0.46269,-0.00006,0.20987,-0.00000,0.81670,0.99997,-0.00933,0.80025,0.01061,0.99981,-0.00053,0.01088,-0.27939,-0.92084,0.00112,-0.99107,-0.73128,0.00034,0.00000,0.90493,-0.01356,0.00000,-0.00002,-0.85240,0.12645,0.00383,0.00001,0.05630,-0.90159,-0.00071,-0.74027,0.42096,-0.00011,0.13188,-0.00007,-0.01079,0.64297,0.03238,0.00000,-0.90005,-0.00000,-0.00351,0.00340,0.00001,-0.00000,0.03810,0.94567,0.00600,0.00000,-0.22440,-0.00053,0.00056,0.00018,0.00540,0.27443,-0.05955,-0.00001,-0.21887,0.00031,-0.99507,-0.00129,-0.00052,-0.00083,0.05490,-0.03306,0.68755,-0.00000,-0.18578,0.00177,0.40090,-0.57864,0.00882,-0.56594,0.68019,0.57412,-0.87150,-0.92704,-0.58287,0.00084,-0.56664,-0.00000,0.01638,0.02356,-0.99780,-0.00152,-0.03634,-0.01336,-0.26894,-0.03023,-0.02572,-0.67672,0.00170,0.00017,-0.33136,-0.00021,-0.00028,0.00296,-0.00001,0.84095,-0.00663,-0.00000,0.00017,0.00004,-0.07539,0.00000,0.03156,-0.00000,-0.21781,-0.00114,-0.00000,-0.00124,0.03415,-0.82942,-0.02701,0.00006,0.00755,-0.00061,-0.00838,-0.00009,0.00204,0.00000,0.00000,-0.00026,0.51491,0.63731,0.00102,-0.00039,0.00622,-0.06149,0.80292,0.25936,0.09011,-0.57298,0.00071,0.01466,0.92362,0.00000,-0.02466,-0.00139,-0.00000,-0.09300,-0.00000,-0.01515,-0.00001,-0.00429,0.11925,0.19421,0.82136,0.00013,0.00620,0.32813,-0.02630,-0.00001,0.13537,0.07812,-0.00006,-0.98913,0.14197,0.01488,-0.99842,-0.00048,-0.51385,0.97783,-0.00098,0.11159,0.00008,-0.00000,0.00004,-0.09149,-0.00000,-0.00618,0.00952,-0.00030,0.00119,0.31613,-0.00019,0.01814,0.02614,0.65032,-0.16214,0.07154,0.00299,-0.03891,-0.00003,0.00006,-0.21551,0.00370,0.78889,-0.00520,0.02606,0.00108,-0.34604,0.00040,0.01281,-0.02450,-0.00002,-0.63948,0.60856,-0.99674,-0.00001,-0.00037,-0.00059,-0.26762,-0.66550,0.00069,-0.66907,-0.18327,0.00002,0.05110,-0.01437,-0.00000,-0.00171,0.00000,-0.00000,0.02847,0.00040,0.08586,0.00000,-0.00153,0.19366,-0.14789,-0.10046,-0.00032,-0.00023,-0.00000,0.32728,-0.66183,-0.00819,0.00039,-0.00609,0.00169,-0.00175,-0.00517,0.14422,0.39182,-0.98419,-0.78137,-0.00038,-0.10023
/media/dkohlsdorf/GODZILLA/2011_wav//05281103.wav	5140480	5149234	1	-0.15691,-0.00182,-0.00000,0.67372,-0.38815,-0.30444,0.00051,-0.70464,-0.33533,-0.00360,0.00314,0.10076,-0.00084,-0.00584,0.39849,0.99315,-0.00001,0.83392,-0.00008,0.39828,-0.00001,0.66420,0.99999,-0.05539,0.20696,0.00592,0.99986,-0.00076,0.01331,-0.20806,-0.92518,0.00099,-0.98098,-0.96948,0.00216,-0.00006,0.82821,-0.13975,0.00000,-0.00014,-0.55918,0.16108,0.01054,0.00004,0.10195,-0.96903,-0.02642,-0.62577,0.25509,-0.00006,0.38326,-0.00013,-0.11447,0.98960,0.01452,0.00007,-0.74585,-0.00000,-0.00926,0.00443,0.00000,-0.00006,0.02016,0.99183,0.02615,0.00000,-0.91902,-0.00011,0.00366,-0.00021,0.00057,0.24642,-0.01872,-0.00000,-0.02272,0.01535,-0.99670,-0.02327,-0.00032,-0.00491,0.03945,-0.04731,0.70381,-0.00000,-0.21565,-0.00724,0.48340,-0.81517,0.00446,-0.76554,0.43587,0.59519,-0.22242,-0.95154,-0.00498,0.00017,-0.08648,-0.00000,0.31671,0.04351,-0.98341,-0.00291,-0.48564,-0.00221,-0.17683,-0.04895,-0.23461,-0.81382,0.02354,0.00031,-0.54484,-0.00023,-0.00003,0.00196,-0.00003,0.96284,-0.00301,-0.00001,-0.00506,0.00001,0.00692,0.00000,0.10573,-0.00000,-0.06627,-0.01054,-0.00004,-0.00157,0.01543,-0.70209,-0.01545,0.00494,0.00136,-0.00142,-0.00848,-0.00025,0.00041,0.00007,0.00017,-0.00126,0.00558,0.35706,0.03426,-0.00066,0.01010,-0.05006,0.18110,0.66583,0.37605,-0.27509,0.00299,0.06561,0.49369,0.00000,-0.01175,0.00000,0.00000,-0.01300,-0.00000,-0.04716,-0.00000,-0.00395,0.03155,0.49459,0.62662,0.00004,0.02993,0.33326,-0.08330,-0.00001,0.16736,0.11976,-0.00016,-0.92167,0.63361,0.11456,-0.94702,-0.00638,-0.03650,0.83192,-0.00566,0.24415,0.00067,-0.00001,-0.00019,-0.02532,-0.00003,-0.01375,0.00411,-0.00025,0.00135,0.83223,0.01060,0.02253,0.02836,0.85189,-0.61456,-0.21743,0.00043,-0.00532,-0.00001,0.00004,-0.00493,0.00553,0.77178,-0.00241,0.00417,0.00045,-0.06243,0.02976,0.01084,-0.25626,-0.00005,-0.36334,0.98634,-0.99507,-0.00011,0.00004,-0.00377,0.29730,-0.22861,0.00134,-0.12338,-0.18605,0.00005,0.18648,-0.02602,-0.00000,-0.00237,-0.00005,0.00001,0.00776,0.00699,0.01492,-0.00000,-0.00044,0.27597,-0.53167,-0.09477,-0.00219,-0.00259,-0.00001,0.50187,-0.88288,-0.00668,0.00099,-0.00808,0.08996,-0.03099,-0.00506,0.36693,0.07924,-0.41416,-0.21982,-0.02072,-0.00515
/media/dkohlsdorf/GODZILLA/2011_wav//05281103.wav	5144576	5153330	1	-0.00017,-0.00004,-0.00001,0.52440,-0.10525,-0.41797,0.00138,-0.00061,0.00200,-0.00001,0.00003,0.09261,-0.00037,0.01316,0.01080,-0.00001,-0.00000,0.84333,-0.01480,0.00004,-0.00003,0.96415,0.99893,-0.00492,0.95712,0.31515,0.99070,-0.00030,0.13796,-0.19759,-0.00031,0.03875,-0.92387,-0.99890,0.00198,0.00004,0.24064,-0.00736,0.00000,-0.03302,-0.01690,0.14891,0.00108,0.00770,0.00097,-0.89470,-0.00017,-0.33650,0.01181,0.00000,0.00002,-0.00000,-0.16518,0.99692,0.00001,0.00004,-0.03619,-0.00049,-0.00785,0.00580,0.00003,-0.00079,-0.10212,-0.63999,0.34983,0.00000,-0.00022,-0.00706,0.00003,0.00079,0.00165,0.00063,-0.04723,-0.00148,-0.00002,0.00287,-0.55294,-0.00000,-0.00002,-0.19807,0.00302,-0.00800,0.50053,-0.00001,-0.02013,0.00098,0.00476,0.00000,0.00019,-0.00002,0.04283,-0.01248,-0.90673,-0.00000,-0.50754,0.00341,-0.06322,-0.00006,0.00054,0.00429,-0.95824,-0.00090,-0.00001,-0.00080,0.39160,-0.04401,-0.04596,-0.42824,0.00005,0.00012,0.02851,-0.00118,-0.00005,-0.20759,-0.00067,0.53903,0.05890,-0.00000,0.00211,0.07057,0.08477,0.00002,-0.03716,-0.00000,-0.60533,-0.88941,-0.00004,-0.00587,0.00238,-0.03082,-0.02060,0.00040,0.00083,-0.00580,-0.00935,-0.00014,0.00131,0.00014,0.00003,-0.00197,0.09039,0.20428,0.00022,-0.00092,0.06010,-0.33997,0.82586,0.00014,0.74891,-0.50734,-0.00193,0.00367,0.31205,0.00000,-0.00389,-0.00215,0.00000,-0.04917,-0.09674,-0.01730,-0.00059,-0.00025,0.01150,0.00062,0.90794,0.00000,0.00008,0.00002,-0.06629,-0.00059,0.01279,0.00660,-0.01437,-0.98504,0.37103,0.00743,-0.99288,-0.01206,-0.39944,0.99856,-0.00019,0.71968,-0.00000,-0.00066,0.00005,-0.10496,-0.00001,0.00000,0.00000,-0.11574,0.01732,0.01253,-0.00451,0.01210,0.00013,0.29871,-0.02374,0.01654,0.00017,-0.04430,-0.00345,0.00000,-0.21777,0.00010,0.85716,-0.00008,0.00711,0.00013,-0.01892,-0.08479,0.18217,-0.13272,-0.00000,-0.01113,0.99926,-0.98801,-0.00008,-0.00336,-0.16913,0.00157,-0.38542,0.00041,-0.64053,-0.56654,0.00437,0.11873,-0.43394,-0.00005,-0.00520,-0.00106,0.00088,0.00004,0.05205,0.00035,0.00000,-0.00115,0.61455,-0.98925,-0.00533,-0.07341,-0.68125,-0.00001,0.94188,-0.55495,-0.00644,0.00106,-0.00621,0.02288,0.00057,-0.05156,0.02707,0.00652,-0.97247,-0.25977,0.99801,-0.00003
/media/dkohlsdorf/GODZILLA/2011_wav//05281103.wav	5148672	5157426	3	-0.00007,-0.00014,-0.00006,0.51084,-0.27867,-0.27422,0.00766,-0.00038,-0.00016,-0.00001,0.00006,0.04925,-0.00250,0.00990,0.00028,-0.00000,-0.00000,0.82046,-0.00097,0.00082,-0.00006,0.89615,0.99782,-0.00917,0.24838,0.42736,0.98905,-0.00015,0.05718,-0.09174,-0.00075,0.07205,-0.87246,-0.98912,0.00438,0.00005,0.07062,-0.01900,0.00000,-0.04422,0.00103,0.11813,0.00180,0.00376,0.00097,-0.90266,-0.00640,-0.03299,0.00549,0.00003,0.00002,-0.00001,-0.63162,0.99851,0.00007,0.00065,-0.02064,-0.00664,-0.01440,0.00687,0.00023,-0.01173,-0.34091,-0.98740,0.18308,0.00000,-0.00016,-0.00658,0.00005,-0.00054,0.00043,0.00021,-0.00409,-0.04848,-0.00006,0.00635,-0.29002,-0.00010,-0.00012,-0.61582,0.00383,-0.00536,-0.18250,-0.00001,-0.01027,-0.00105,0.00251,0.00000,0.00019,-0.00000,0.00001,0.41467,-0.94481,-0.00000,0.47450,0.03512,-0.13532,-0.00015,0.00020,0.00324,-0.95086,-0.01129,0.00004,-0.00052,0.20836,-0.02396,-0.04052,-0.21312,0.00004,-0.00010,0.11829,-0.00104,-0.00002,-0.12932,-0.00046,0.17097,0.00921,-0.00001,0.04455,-0.00111,-0.02199,0.00002,-0.12291,-0.00031,-0.07275,-0.96586,-0.00020,-0.00408,0.01834,-0.22509,-0.04372,0.00411,0.00203,-0.01588,-0.02430,-0.00008,0.00142,0.00022,0.00012,-0.00291,-0.71680,0.53721,0.00039,-0.00049,0.21283,-0.12185,0.55889,0.00080,0.98571,-0.07554,-0.00041,0.00018,0.43857,0.00000,-0.00070,-0.00012,0.00000,0.23858,-0.43960,-0.04216,-0.00267,-0.00076,0.00002,0.01292,0.99949,0.00000,0.00042,0.00044,-0.06257,-0.00190,0.00626,0.00280,-0.01295,-0.14553,0.19999,0.01269,-0.98277,-0.00086,0.31096,0.99632,-0.00044,0.68636,-0.00000,-0.00241,0.00020,-0.00951,-0.00002,-0.00003,0.00000,-0.05816,0.02028,0.00407,-0.00019,0.02064,0.00018,0.26571,-0.01705,0.66718,0.00009,-0.00871,-0.00245,-0.00000,-0.08188,0.00006,0.38318,-0.00007,0.01655,0.00004,-0.01101,-0.02784,0.40461,-0.78430,-0.00001,-0.22216,0.99073,-0.87487,-0.00006,-0.01551,-0.12488,-0.00013,0.53138,0.00034,-0.95929,-0.00159,0.00295,0.01963,-0.57517,-0.00173,-0.00415,-0.00050,-0.01094,0.00000,0.00519,0.00821,0.00000,-0.00052,-0.35633,-0.97958,-0.02446,-0.00826,-0.79907,-0.00002,0.96049,-0.07680,-0.01172,0.00149,-0.00748,0.03405,0.00650,-0.01671,0.02190,0.00875,0.01987,-0.00397,0.95234,-0.00003
/media/dkohlsdorf/GODZILLA/2011_wav//05281103.wav	5152768	5161522	3	-0.00024,-0.00014,-0.00003,0.29980,-0.47522,-0.01799,0.09801,-0.00098,0.00956,-0.00011,0.00030,0.13921,-0.00255,0.01975,0.00003,-0.00000,-0.00003,0.12409,-0.00092,0.00223,-0.00008,0.93086,0.99833,-0.00396,0.32667,0.03193,0.99086,-0.00016,0.01526,-0.07081,-0.00803,0.04869,-0.74271,0.42688,0.00014,0.00001,0.02436,-0.00585,0.00000,-0.06263,0.00124,0.15692,0.00228,0.00265,0.00599,-0.92833,-0.00550,-0.14721,0.00691,0.00047,0.00003,-0.00004,-0.23747,0.97340,0.00018,0.00425,-0.00677,-0.00219,-0.01396,0.00661,0.00003,-0.00804,-0.42867,-0.97239,0.04486,0.00000,-0.00004,-0.00808,0.00001,0.00001,0.00070,0.00089,-0.06366,-0.00814,-0.00087,0.00544,-0.29563,-0.00025,-0.00068,-0.92838,0.01643,-0.01645,0.32470,-0.00000,-0.10504,-0.00220,0.00240,0.00000,0.00183,-0.00000,0.00003,0.43047,-0.91239,-0.00000,0.17886,0.01757,-0.32113,0.00001,0.00020,0.00323,-0.43688,-0.02425,0.00004,-0.00229,0.21877,-0.00785,-0.03007,-0.00207,0.00006,-0.00003,0.11250,-0.00259,-0.00011,-0.00054,-0.00036,0.24483,0.00132,-0.00006,0.01666,-0.00661,-0.01130,0.00002,-0.26318,-0.00128,-0.02813,-0.95693,-0.00021,-0.01051,0.03444,-0.29386,-0.13430,0.02156,0.00143,-0.02335,-0.01641,-0.00011,0.00104,0.00001,0.00006,-0.00330,-0.90522,0.71213,0.00034,-0.00020,0.54488,-0.04967,0.67964,0.00420,0.99029,-0.05817,-0.00001,-0.00001,0.80149,0.00000,-0.00003,-0.00128,-0.00000,0.21430,-0.29086,-0.02670,-0.00060,-0.00068,-0.00001,0.06332,0.99952,0.00000,0.00009,0.00018,-0.05047,-0.00250,0.02414,0.01213,-0.00103,-0.34839,0.33524,0.01366,-0.99132,-0.00028,0.04723,0.99850,-0.00039,0.65677,-0.00001,-0.00248,0.00151,-0.00433,-0.00001,-0.00000,0.00000,0.07365,0.06046,0.00047,0.00010,0.08235,0.00052,0.12816,-0.00685,0.73800,0.00012,-0.00567,-0.00113,-0.00001,-0.00675,0.00016,0.46348,-0.00006,0.28686,0.00021,-0.03411,-0.00756,0.29212,-0.76122,-0.00002,-0.25172,0.99192,-0.00079,-0.00001,-0.00268,-0.08134,-0.00009,0.31396,0.00025,-0.91562,-0.26760,0.00037,-0.00087,-0.19094,-0.00275,-0.00728,0.00319,-0.08672,0.00000,0.00103,0.00316,0.00000,-0.00177,-0.62619,-0.97062,-0.11819,-0.00370,-0.49479,-0.00025,0.93779,-0.01253,-0.00405,0.00062,0.00175,0.03178,0.00642,0.21143,0.01745,0.02278,-0.01880,-0.00046,0.95211,-0.00007
/media/dkohlsdorf/GODZILLA/2011_wav//05281103.wav	5156864	5165618	1	-0.00301,-0.00120,-0.00006,0.18794,-0.76227,0.05198,0.00055,-0.69927,-0.44002,-0.00013,0.00014,0.08396,-0.00206,0.02732,0.14973,0.18039,-0.00000,0.94168,-0.00002,0.21293,-0.00036,0.65858,0.99795,-0.00823,0.19403,0.00099,0.99865,-0.00052,0.13001,-0.07744,-0.35404,0.00137,-0.97431,-0.96835,0.16464,0.00002,0.04309,-0.00020,0.00000,-0.00065,0.06285,0.13147,0.01391,0.00021,-0.00644,-0.99546,-0.31940,-0.29560,0.04803,-0.00014,0.08459,-0.00001,-0.07456,0.93433,0.02425,0.00486,-0.11565,-0.00437,-0.01402,0.01426,0.00044,-0.00005,-0.45802,-0.50697,0.05050,0.00000,-0.77768,-0.00031,0.00012,-0.00139,0.00016,0.04858,-0.11373,-0.00000,-0.09664,0.00141,-0.94762,-0.00264,-0.00267,-0.58795,0.44728,-0.03089,0.65141,-0.00000,-0.00895,-0.01740,0.02553,-0.06652,0.00209,-0.10663,0.05923,0.27657,-0.02408,-0.49387,0.83953,0.00044,0.54463,0.00001,0.52350,0.00018,-0.83874,-0.00119,-0.87524,-0.00166,0.49600,-0.00903,-0.37169,-0.94043,0.00043,0.00048,0.06428,-0.00025,-0.00263,-0.04452,-0.00165,0.71297,0.00103,-0.00002,0.03106,-0.00002,-0.00000,0.00000,-0.28585,-0.00000,-0.01039,-0.10978,-0.00225,-0.00102,0.00505,-0.95591,-0.02879,0.00033,0.00752,-0.00554,-0.00035,-0.00073,0.00017,0.00101,0.00181,-0.00260,-0.76613,0.29058,0.08269,-0.00050,0.85925,-0.01597,0.17063,0.33174,0.95015,-0.10493,0.49709,-0.02278,0.02636,0.00000,-0.02461,-0.00006,0.00000,0.16590,-0.00003,-0.02890,-0.00004,-0.00018,-0.00039,0.05920,0.96070,0.00007,0.09886,0.00845,-0.01791,-0.00002,0.14880,0.05833,-0.00050,-0.96202,0.59150,0.01089,-0.92220,-0.00010,-0.55738,0.94115,-0.00022,0.55463,0.00022,-0.00381,0.00445,-0.00236,-0.00011,-0.00458,0.00016,-0.00028,0.03624,0.19797,0.00304,0.12516,0.01184,0.95627,-0.06040,-0.43827,0.00003,-0.01021,-0.00000,0.00001,-0.00081,0.01644,0.75117,-0.00208,0.02581,0.00025,-0.00332,0.02720,0.03052,-0.06114,-0.00002,-0.54363,0.87300,-0.95486,-0.00029,-0.00473,-0.00039,0.00129,0.20325,0.02406,-0.98701,-0.36976,0.00024,0.02358,-0.02880,-0.00001,-0.00645,-0.00003,-0.00038,0.00013,0.00044,0.04641,0.00026,-0.00496,0.44825,-0.04867,-0.11214,-0.02758,-0.00158,-0.00000,0.99358,-0.85035,-0.01378,0.01024,0.00948,0.05969,0.17189,-0.00290,0.00493,0.02986,-0.73723,-0.65491,-0.30258,-0.00187
/media/dkohlsdorf/GODZILLA/2011_wav//05281103.wav	5160960	5169714	1	-0.00039,-0.00019,-0.00002,0.28737,-0.09476,-0.06369,0.00260,-0.03478,-0.00804,-0.00007,0.00001,0.11423,-0.00020,-0.18130,0.01916,0.07471,-0.00000,0.93224,-0.01847,0.00032,-0.00004,0.97613,0.99838,-0.01941,0.94841,0.64610,0.99404,-0.00108,0.12921,-0.04708,-0.01061,0.13148,-0.98495,-0.99900,0.02571,0.00020,0.06934,-0.00290,0.00000,-0.00867,-0.02636,0.00045,0.00193,0.00073,-0.00028,-0.79246,-0.00496,-0.45765,0.14329,-0.00000,0.00033,-0.00000,-0.25899,0.95575,0.00048,0.00003,-0.04286,-0.00038,-0.01899,0.01975,0.00124,-0.00535,-0.00887,0.97052,0.46336,0.00000,-0.00249,-0.00188,0.00014,0.00438,0.00896,0.00327,-0.04882,-0.00065,-0.00698,0.00021,-0.99032,-0.00013,-0.00014,-0.25398,0.02689,-0.00119,0.63390,-0.00001,-0.02641,0.00091,0.00621,-0.00000,0.00069,-0.00005,0.44647,0.28866,-0.99169,-0.00124,-0.40372,0.02395,-0.21879,0.00029,0.00055,0.00560,-0.97425,-0.00157,0.00008,-0.00187,-0.39247,-0.03223,-0.30302,-0.79832,0.00002,0.00047,-0.01841,-0.00062,-0.00198,-0.00024,-0.00232,0.49080,0.00258,-0.00000,0.01064,0.02539,0.24844,0.00000,-0.02330,-0.00000,-0.50866,-0.84860,-0.00003,-0.00256,0.00233,-0.09420,-0.00985,0.00022,0.00088,-0.01025,-0.00916,-0.00061,0.01151,0.00006,0.00014,-0.00381,-0.20726,0.10064,0.01396,-0.00168,0.03842,-0.15891,0.81961,0.00145,0.36035,-0.50453,0.00095,0.01436,0.66721,0.00000,-0.01289,-0.00152,0.00000,-0.48915,-0.05989,-0.82702,-0.00092,-0.00034,0.00265,0.00291,-0.41591,0.00000,0.00107,0.00003,-0.03156,-0.00017,0.11065,0.00826,-0.07303,-0.89863,0.08014,0.01718,-0.96459,-0.00588,0.76108,0.97386,-0.00540,0.79028,0.00000,-0.00034,0.00009,-0.12188,-0.00001,-0.00007,0.00000,-0.00851,0.00265,0.01062,-0.02689,0.01595,0.00149,0.79493,-0.03538,-0.66697,0.00012,-0.20613,-0.00002,0.00000,-0.21695,0.00168,0.78499,-0.00021,0.00153,0.00003,-0.03976,0.00739,-0.06624,-0.26463,-0.00001,-0.66566,0.99764,-0.96960,-0.00010,-0.00083,-0.06146,-0.00036,-0.97554,0.00122,0.11194,-0.58765,0.01223,0.21094,-0.56751,-0.00011,-0.00289,-0.00078,0.00000,0.00000,0.00398,0.24498,0.00000,-0.00314,0.93479,-0.04141,-0.01906,-0.18801,-0.71721,-0.00039,0.83668,-0.33279,-0.03827,0.00592,-0.02491,0.02774,0.00468,-0.06184,0.11024,-0.04489,-0.89603,-0.27644,0.07164,-0.00007
/media/dkohlsdorf/GODZILLA/2011_wav//05281103.wav	5165056	5173810	1	-0.01406,-0.00028,-0.00001,0.33950,-0.01801,-0.58160,0.00068,-0.31953,-0.17592,-0.00008,0.00007,0.29631,-0.06239,0.02290,0.00439,0.00739,-0.00000,0.13145,-0.00004,0.00872,-0.00007,0.86418,0.99861,-0.09809,0.05250,0.00655,0.99842,-0.00083,0.70536,-0.12101,-0.00464,0.22290,-0.81864,-0.72432,0.02984,0.00027,0.00093,-0.00047,0.00000,-0.00334,0.00867,0.10256,0.00009,0.00012,0.00329,-0.83535,-0.68846,-0.30818,0.11697,0.00001,0.01279,-0.00000,-0.18616,0.98469,0.01840,0.00018,-0.09971,-0.00004,-0.02873,0.01267,0.00079,-0.00334,-0.16912,0.14146,0.02391,0.00000,-0.00314,-0.00285,0.00019,-0.00376,0.00165,0.03492,-0.03246,-0.00003,-0.00130,0.00003,-0.92370,-0.00498,-0.00209,-0.54480,0.04581,-0.01484,0.68157,-0.00000,-0.02120,-0.08460,0.00130,-0.02333,0.00850,-0.02071,0.38562,0.54935,-0.82265,-0.00538,0.06180,0.00054,-0.28790,0.00002,0.50378,0.00677,-0.86275,-0.15853,-0.19216,-0.00737,-0.44683,-0.00595,-0.34626,-0.02228,0.00036,-0.00000,0.07328,-0.00010,-0.00032,-0.00009,-0.00003,0.75204,-0.01043,-0.00000,0.00591,0.01334,-0.04742,0.00000,-0.00547,-0.00000,-0.00323,-0.26601,-0.00007,-0.00034,0.01792,-0.99114,-0.09132,0.00036,0.00088,-0.00262,-0.02175,-0.00356,0.00026,0.00002,0.00199,-0.00007,-0.54872,0.45494,0.00245,-0.00036,0.79917,-0.00316,0.68165,0.00004,0.34889,-0.08334,0.00085,-0.00076,0.16551,0.00001,-0.00684,-0.00399,-0.00000,0.07562,-0.00017,-0.00423,-0.00005,-0.00100,-0.00009,0.02556,0.88651,0.00000,0.00111,0.00009,-0.52921,-0.00007,0.01892,0.25929,-0.00038,-0.48224,0.12653,0.00426,-0.97580,-0.00027,-0.75693,0.97100,-0.00154,0.72372,0.00006,-0.00020,0.00676,-0.01138,-0.00000,-0.00055,0.00260,-0.00320,0.00483,0.00342,-0.00112,0.31630,0.00073,0.00842,-0.06261,0.27627,0.00002,-0.00920,-0.00000,-0.00000,-0.00118,0.01678,0.54467,-0.00140,0.05315,0.00147,-0.04813,0.00700,-0.03567,-0.01542,-0.00001,-0.03605,0.94348,-0.05560,-0.00012,0.01833,-0.00034,-0.03815,0.14356,0.00605,-0.66051,-0.12338,0.00018,0.00194,-0.00794,-0.00002,-0.00343,-0.00155,-0.00068,0.00017,0.00257,0.01616,0.00000,-0.01827,0.28474,-0.20953,-0.01108,-0.00092,-0.01992,-0.00001,0.97397,-0.08942,-0.03075,0.00483,-0.00608,0.00518,0.02915,-0.11866,0.02343,0.08540,-0.01604,-0.00194,0.01885,-0.00103
/media/dkohlsdorf/GODZILLA/2011_wav//05281103.wav	5169152	5177906	1	-0.01860,-0.00016,-0.00001,0.06320,-0.02065,-0.55361,0.02249,0.01348,-0.03143,-0.00022,0.00002,0.13922,-0.00034,0.01901,0.00348,0.04477,-0.00000,0.14692,-0.02082,0.00570,-0.00007,0.93961,0.99933,-0.00262,0.16770,0.15280,0.99343,-0.00146,0.35698,-0.32734,-0.00312,0.10104,-0.88362,-0.99569,0.00040,0.00032,0.00204,-0.00742,0.00000,-0.02839,-0.00285,0.42454,0.00015,0.00056,0.00399,-0.05307,-0.00209,-0.26956,0.07873,0.00010,0.00070,-0.00000,-0.05272,0.96500,0.00015,0.00008,-0.02619,-0.00039,-0.00679,0.01303,0.00275,-0.00784,-0.03070,0.32266,0.42108,0.00003,-0.00208,-0.00614,0.00039,0.00498,0.01547,0.00135,-0.00870,-0.00715,-0.00027,0.00044,-0.96900,-0.00003,-0.00009,-0.06530,0.00669,-0.00164,0.69917,-0.00003,-0.02606,-0.00588,0.00828,-0.00002,0.00091,-0.00095,0.65071,0.34158,-0.99872,-0.00006,-0.09922,0.02359,-0.15926,0.00208,0.00190,0.01613,-0.98467,-0.03583,-0.00102,-0.00413,-0.49472,-0.16092,-0.01709,-0.07138,0.00002,-0.00007,0.05775,-0.00009,-0.00176,-0.01315,-0.00009,0.23705,-0.00038,-0.00000,0.00974,0.04271,-0.04622,0.00006,-0.01215,-0.00000,-0.24203,-0.46841,-0.00003,-0.00180,0.06218,-0.15130,-0.00484,0.00156,0.00090,-0.00829,-0.10011,-0.00055,0.00597,0.00004,0.00017,-0.00063,-0.08106,0.20481,0.00043,-0.00056,0.08078,-0.05002,0.94408,0.00006,0.67672,-0.59530,0.00041,-0.00030,0.62215,0.00003,-0.00063,-0.00085,0.00000,0.05017,-0.00233,-0.01706,-0.00018,-0.00081,-0.00204,0.00111,0.90178,0.00000,0.00020,0.00004,-0.03337,-0.00012,0.02119,0.00438,-0.04988,-0.67973,0.31929,0.09663,-0.98710,-0.00602,-0.73159,0.98429,-0.03120,0.02119,-0.00001,-0.00013,0.00017,-0.03367,-0.00000,-0.00006,0.00001,-0.03175,0.00289,0.00153,-0.00273,0.01722,0.00053,0.21735,-0.04779,0.56239,0.00004,-0.03336,-0.00014,-0.00000,-0.01034,0.00085,0.99406,-0.00013,0.02026,0.00045,-0.12771,0.00486,-0.00145,-0.04508,-0.00000,-0.07544,0.99413,-0.89007,-0.00007,-0.00175,-0.06661,-0.00091,-0.31012,0.00079,-0.07312,-0.29146,0.00542,0.04410,-0.36357,-0.00025,-0.00694,-0.00690,-0.00000,0.00006,0.00804,0.01415,0.00000,-0.00179,0.58427,-0.41683,-0.00848,-0.00420,-0.75337,-0.00011,0.54818,-0.09366,-0.01636,0.00690,-0.00122,0.10872,0.00938,-0.11670,0.25105,0.01928,-0.57123,-0.00683,0.05453,-0.00008
/media/dkohlsdorf/GODZILLA/2011_wav//05281103.wav	5173248	5182002	1	-0.36264,-0.00015,-0.00000,0.36910,-0.25414,-0.39983,0.00862,-0.72492,-0.41899,-0.00338,0.00019,0.05741,-0.00002,0.14111,0.01725,0.99943,-0.00000,0.16822,-0.00006,0.02304,0.00000,0.85013,0.99972,-0.00691,0.16987,0.00251,0.99962,-0.00020,0.01293,-0.13753,-0.98849,0.03458,-0.98181,-0.95806,0.00029,-0.00014,0.96920,-0.00517,0.00000,-0.00004,-0.81468,0.04454,0.00092,0.00014,0.27948,-0.96604,-0.02058,-0.60485,0.35738,-0.00109,0.00977,-0.00025,-0.01671,0.97019,0.08195,0.00001,-0.59476,-0.00002,-0.00413,0.01539,0.00003,-0.00000,-0.03908,0.99667,0.00716,0.00000,-0.49505,-0.00082,0.00017,0.00019,0.00201,0.10258,-0.22274,-0.00002,-0.56455,0.00019,-0.98791,-0.05125,-0.00656,-0.00349,0.88050,-0.00567,0.74290,-0.00000,-0.19016,-0.06086,0.22682,-0.77837,0.03707,-0.01428,0.79680,0.92399,-0.72667,-0.98029,-0.74540,0.00114,-0.16106,0.00000,0.05750,0.01983,-0.97448,-0.01767,-0.28020,-0.01953,-0.36781,-0.02814,-0.02257,-0.85574,0.00024,0.00001,-0.10631,-0.00024,-0.00555,-0.00077,-0.00002,0.66062,-0.00034,-0.00005,0.00028,0.00000,-0.10317,0.00000,0.01285,-0.00000,-0.04362,-0.05104,-0.00035,-0.00069,0.04518,-0.96211,-0.07539,0.00002,0.00148,-0.00067,-0.00034,-0.00006,0.00182,0.00006,0.00000,-0.00155,-0.23595,0.70582,0.00260,-0.00001,0.04147,-0.04572,0.66704,0.58676,0.16618,-0.41003,0.00344,-0.00179,0.81904,0.00000,-0.04515,-0.00577,0.00000,-0.67791,-0.00009,-0.16128,-0.00082,-0.00097,0.07500,0.39011,-0.87682,0.00027,0.06090,0.37068,-0.02140,-0.00001,0.06163,0.02240,-0.00017,-0.29317,0.15754,0.04885,-0.99576,-0.00000,-0.67384,0.85977,-0.01798,0.88541,0.00006,-0.00002,-0.00007,-0.00693,-0.00001,-0.03953,0.00284,-0.00167,0.00378,0.13993,0.00055,0.06083,0.03807,0.92487,-0.05268,0.31651,0.00082,-0.02933,-0.00000,0.00000,-0.00246,0.01081,0.76214,-0.00668,0.02517,0.00029,-0.13769,0.00383,-0.07432,-0.00813,-0.00000,-0.73872,0.95773,-0.99930,-0.00001,0.00021,-0.00137,-0.05761,-0.94520,0.01030,0.19260,-0.11087,0.00008,0.10828,-0.01022,-0.00000,-0.00128,-0.00003,0.00004,0.00212,0.00004,0.27281,0.00000,-0.00043,0.77990,-0.06161,-0.06863,-0.00945,-0.00010,-0.00006,0.87105,-0.06480,-0.14400,0.00027,-0.01365,-0.00710,0.00559,0.00144,0.08820,0.22597,-0.19025,-0.74262,-0.00010,-0.01703
/media/dkohlsdorf/GODZILLA/2011_wav//05281103.wav	5177344	5186098	1	-0.00536,-0.00007,-0.00000,0.49051,-0.13557,0.15970,0.00653,-0.03519,-0.12027,-0.00068,0.00022,0.79436,-0.00001,0.25189,0.02606,0.97042,-0.00000,0.43147,-0.01140,0.00302,-0.00002,0.97415,0.99964,-0.01015,0.68644,0.24188,0.97724,-0.00041,0.05174,-0.34006,-0.53820,0.00468,-0.99352,-0.99724,0.00058,0.00042,0.32857,-0.00200,0.00000,-0.00062,-0.27712,0.01130,0.07426,0.00003,0.18215,-0.87211,-0.01402,-0.58949,0.02032,-0.00013,0.00142,-0.00000,-0.00537,0.86505,0.00957,0.00000,-0.01933,-0.00001,-0.03395,0.00298,0.00020,-0.00021,-0.00016,0.99047,0.02584,0.00000,-0.00271,-0.00246,0.00000,0.00011,0.00516,0.02050,-0.08908,-0.00377,-0.09137,0.00009,-0.98335,-0.00015,-0.00106,-0.02234,0.40771,-0.04632,0.66445,-0.00000,-0.15629,0.00016,0.05933,-0.00013,0.06112,-0.00038,0.66062,0.95161,-0.93910,-0.12011,-0.79320,0.00638,-0.00147,0.00004,0.00124,0.01436,-0.96999,-0.03101,0.00213,-0.01773,-0.57803,-0.00374,-0.00849,-0.23312,0.00008,0.00002,-0.03283,-0.00008,-0.00208,0.00010,-0.00109,0.76474,0.00023,-0.00000,-0.00034,0.00003,0.68190,0.00000,0.01670,-0.00000,-0.62108,-0.33345,-0.00025,-0.00461,0.01336,-0.04061,-0.03179,0.00017,0.00024,-0.00247,-0.00141,-0.00001,0.00501,0.00000,0.00000,-0.00014,0.18927,0.05030,0.00014,-0.00079,0.00853,-0.15793,0.99818,0.01277,0.19784,-0.65163,0.00000,0.15557,0.88583,0.00000,-0.00095,-0.00294,0.00000,-0.68231,-0.00099,-0.20063,-0.00001,-0.00032,0.03350,0.06642,-0.19410,0.00002,0.00156,0.01152,-0.16311,-0.00001,0.06381,0.01882,-0.00836,0.03421,0.02191,0.00471,-0.99408,-0.00029,0.18154,0.97375,-0.00000,0.92649,0.00000,-0.00003,0.00001,-0.56096,-0.00000,-0.01690,0.00002,-0.00557,0.00693,0.01326,0.00202,0.00857,0.00519,0.12347,-0.13256,-0.13897,0.00012,-0.01898,-0.00000,0.00004,-0.26555,0.00105,0.87158,-0.00002,0.00206,0.00003,-0.28826,-0.00688,-0.41902,-0.00326,-0.00000,-0.85888,0.98650,-0.99776,-0.00000,0.00044,-0.00690,-0.00912,-0.97307,0.00200,0.01512,-0.42825,0.00034,0.43461,-0.37160,-0.00001,-0.02855,0.00000,0.00000,0.00001,0.00260,0.05270,0.00000,-0.00076,0.85392,-0.13416,-0.06951,-0.00460,-0.15084,-0.00042,0.93700,-0.49899,-0.04192,0.00067,-0.00866,0.03274,0.04484,-0.08166,0.36783,0.05814,-0.16116,-0.02179,0.05435,-0.00106
/media/dkohlsdorf/GODZILLA/2011_wav//05281103.wav	5181440	5190194	1	-0.00431,-0.00308,-0.00003,-0.29644,-0.13206,0.04937,0.00938,-0.18828,-0.03093,-0.00254,0.00009,0.31051,-0.00582,0.10479,0.00023,0.89255,-0.00000,0.09629,-0.00073,0.00040,-0.00001,0.70814,0.99610,-0.00875,0.43589,0.02710,0.99823,-0.06193,0.93003,-0.14546,-0.01060,0.42287,-0.39721,-0.85979,0.04543,0.00031,0.00078,-0.00032,0.00001,-0.01288,0.02723,0.14872,0.00009,0.00063,0.03973,-0.50149,-0.19051,-0.28648,0.83734,0.00001,0.00639,-0.00001,-0.03044,0.91632,0.00379,0.00080,-0.35017,-0.00022,-0.01374,0.11314,0.00057,-0.00491,0.01301,0.83371,0.07527,0.00000,-0.00152,-0.00247,0.00008,0.00179,0.00249,0.02136,-0.22703,-0.00054,-0.00669,0.00009,-0.89761,-0.00007,-0.00229,-0.64188,0.05904,-0.01572,0.74292,-0.00193,-0.04503,-0.01082,0.00193,-0.00498,0.00423,-0.00145,0.80127,0.77675,-0.99826,-0.00486,-0.22523,0.00528,-0.31610,0.00017,0.01080,0.01552,-0.95901,-0.16409,-0.00198,-0.01345,-0.30416,-0.04239,-0.29646,-0.13882,0.00005,0.00000,-0.06448,-0.00010,-0.03291,0.00062,-0.00515,0.75401,0.00117,-0.00031,0.00269,0.36528,-0.00916,0.00000,0.00219,-0.00000,-0.07351,-0.89274,-0.00007,-0.00078,0.11549,-0.74312,-0.02223,0.00001,0.00309,-0.01268,-0.09667,-0.00690,0.01193,0.00002,0.00064,-0.00085,-0.05229,0.11165,0.00271,-0.00041,0.69308,-0.00875,0.59688,0.00002,0.27058,-0.18697,-0.00061,-0.00002,0.55711,0.00001,-0.00330,-0.00084,0.00000,-0.41365,-0.00051,-0.02025,-0.00033,-0.00032,0.00066,0.01809,0.94946,0.00000,0.00447,0.00008,-0.02728,-0.00012,0.01600,0.03523,-0.00202,-0.99578,0.00839,0.01816,-0.99717,-0.00105,-0.72908,0.95586,-0.00701,0.76879,0.00002,-0.00006,0.00083,-0.08792,-0.00000,-0.00029,0.00712,-0.07482,0.01120,0.00210,-0.00752,0.12741,0.00020,0.30127,-0.01338,0.38654,0.00016,-0.01019,-0.00018,-0.00009,-0.00760,0.02843,0.37869,-0.00116,0.08549,0.00241,-0.21660,0.01626,-0.00105,-0.00755,-0.00003,-0.31267,0.95449,-0.09190,-0.00008,-0.00105,-0.00641,-0.00775,-0.71650,0.01765,-0.64766,-0.43771,0.00128,0.02754,-0.04094,-0.00085,-0.05809,0.00131,0.00022,0.00004,0.00661,0.08058,0.00000,-0.00527,0.63939,-0.35200,-0.00817,-0.02497,-0.28496,-0.00002,0.80334,-0.14630,-0.02683,0.01463,-0.00644,0.03043,0.03107,-0.25274,0.12424,0.05196,-0.55489,-0.00060,0.06272,-0.00074
/media/dkohlsdorf/GODZILLA/2011_wav//05281103.wav	5185536	5194290	1	-0.00234,-0.00008,-0.00006,-0.02960,-0.31236,-0.03212,0.04861,-0.01968,-0.20208,-0.00011,0.00002,0.43305,-0.00043,0.21381,0.00126,0.03795,-0.00000,0.03524,-0.03763,0.00039,-0.00010,0.86859,0.99666,-0.07892,0.09649,0.13478,0.98709,-0.00168,0.75252,-0.02311,-0.01075,0.04137,-0.02948,-0.95696,0.00014,0.00023,0.00650,-0.00132,0.00003,-0.00369,-0.00518,0.02547,0.00004,0.00092,0.00051,-0.45785,-0.01125,-0.34264,0.14934,0.00066,0.00001,-0.00000,-0.09032,0.20433,0.00055,0.00116,-0.02641,-0.00078,-0.03381,0.05325,0.00367,-0.01068,-0.10766,0.62066,0.23747,0.00002,-0.00519,-0.00783,0.00038,0.00059,0.02292,0.01089,-0.15185,-0.11933,-0.00520,0.00015,-0.94475,0.00010,-0.00165,-0.71377,0.04561,-0.01968,0.49322,-0.00043,-0.13286,-0.00111,0.04974,-0.00002,0.00897,-0.00015,0.10983,0.92661,-0.59969,-0.00037,-0.54159,0.16200,-0.62500,0.00256,0.01173,0.00409,-0.98956,-0.14425,-0.00138,-0.01419,-0.61065,-0.10937,-0.00668,-0.07076,0.00004,-0.00003,-0.00740,-0.00037,-0.02484,0.00011,-0.00036,0.51967,0.00014,-0.00001,0.00574,0.00412,-0.12586,0.00012,-0.00114,-0.00000,-0.11446,-0.61340,-0.00005,-0.00091,0.24714,-0.36401,-0.02635,0.00001,0.00623,-0.00272,-0.02444,-0.00069,0.01659,0.00000,0.00014,-0.00313,-0.02135,0.47178,0.00035,-0.00048,0.63181,-0.01047,0.99282,0.00019,0.17478,-0.20777,0.00067,-0.00828,0.94358,0.00000,-0.00006,-0.00388,-0.00000,-0.39937,-0.00056,-0.02983,-0.00009,-0.01448,-0.04318,0.00406,-0.15690,0.00000,0.00039,0.00004,0.02516,-0.00012,0.03111,0.12094,-0.03334,-0.29869,0.01553,0.00946,-0.99404,-0.00350,-0.07745,0.93649,-0.31084,0.50623,-0.00002,-0.00008,0.00029,-0.09521,-0.00000,-0.00539,0.01486,0.02546,0.02915,0.00128,-0.05573,0.12341,0.00152,0.19238,-0.00218,0.47038,0.00011,-0.06786,0.00003,-0.00000,-0.03389,0.00058,0.85561,-0.00045,0.06459,0.02523,-0.01646,0.00044,-0.00312,-0.05462,-0.00003,-0.63888,0.99601,-0.01249,-0.00003,0.00002,-0.03982,0.00014,-0.96898,0.00367,0.06966,-0.24222,0.00114,0.01214,-0.53820,-0.00325,-0.07798,-0.01655,0.00010,0.00011,0.00158,0.19217,0.00000,-0.04144,0.82606,-0.01049,-0.09773,-0.00156,-0.59623,-0.00697,0.86342,-0.22748,-0.01880,0.00302,-0.00613,0.03335,0.00223,-0.12706,0.25533,0.06417,-0.83063,-0.00012,0.00817,-0.00229
/media/dkohlsdorf/GODZILLA/2011_wav//05281103.wav	5189632	5198386	1	-0.00543,-0.00045,-0.00046,0.43134,-0.00968,0.00926,0.05814,-0.09353,-0.53154,-0.00000,0.00021,0.13072,-0.00010,0.12377,0.00086,0.35029,-0.00001,0.66589,-0.00154,0.00556,-0.00009,0.38371,0.99661,-0.16352,0.69125,0.00352,0.95265,-0.00019,0.00575,-0.00362,-0.03332,0.00086,-0.19046,-0.98660,0.04574,0.00160,0.20006,-0.04229,0.00000,-0.00224,-0.02681,0.16282,0.00739,0.00043,0.00034,-0.77850,-0.00216,-0.49288,0.02633,0.00332,0.00005,-0.00008,-0.03135,0.90177,0.04132,0.00010,-0.00627,-0.00028,-0.01896,0.00426,0.00059,-0.00103,-0.20016,-0.79252,0.08221,0.00000,-0.02175,-0.03078,0.00445,0.00200,0.00098,0.02876,-0.08550,-0.05739,-0.05679,0.00369,-0.88364,-0.01031,-0.00112,-0.30548,0.27378,-0.01182,0.05236,0.00000,0.23401,-0.01786,0.19369,-0.00009,0.03604,-0.00001,0.07405,0.99250,-0.27830,-0.04873,0.02014,0.00141,0.74306,0.00002,0.23541,0.00171,-0.98525,-0.06641,0.00036,-0.00927,-0.93103,-0.01267,-0.03289,-0.28796,0.00003,0.00189,-0.00781,-0.00319,-0.01301,-0.00154,-0.00115,0.41058,0.00000,-0.00001,0.13206,0.00000,-0.87365,0.00000,-0.02186,-0.00000,-0.03167,-0.79277,-0.00071,-0.00098,0.28613,-0.78098,-0.11129,0.00007,0.00031,-0.00101,0.00119,-0.00014,0.01844,0.00000,0.00010,-0.00556,-0.33026,0.46365,0.00196,0.00009,0.65265,0.51427,0.97118,0.01175,0.12682,-0.08801,0.02025,-0.01279,0.71386,0.00000,-0.01751,-0.00140,-0.00000,0.03879,-0.01061,-0.91225,-0.00126,-0.00530,-0.01658,0.02373,-0.53553,0.00004,0.01740,0.00507,-0.00793,-0.00027,0.02995,0.00912,-0.00634,-0.28735,0.26522,0.11855,-0.97976,-0.00004,0.71190,0.27124,-0.01261,0.72930,0.00008,-0.00265,0.00216,-0.04450,-0.00278,-0.00873,0.00234,0.01854,0.04195,0.01704,-0.00803,0.12805,0.00848,0.41115,-0.05084,0.57531,0.00029,-0.00742,0.00000,0.00001,-0.12147,0.00251,0.70999,-0.00758,0.10656,0.00054,-0.65208,0.00185,-0.03375,-0.01438,-0.00039,-0.49815,0.99354,-0.98337,-0.00008,-0.00164,-0.00615,0.00012,-0.32889,0.05082,0.12579,-0.37997,0.00102,-0.03506,-0.22257,-0.00018,-0.06338,-0.00073,-0.00012,0.00001,0.00064,0.60554,0.00004,-0.13452,0.81984,-0.01694,-0.22840,-0.19926,-0.10866,-0.00052,0.97057,-0.30696,-0.02201,0.00061,-0.00677,0.02655,0.02573,0.10539,0.21793,0.01935,-0.24678,-0.22249,-0.03925,-0.31158
/media/dkohlsdorf/GODZILLA/2011_wav//05281103.wav	5201920	5210674	1	-0.00255,-0.00016,-0.00001,0.16491,-0.07153,-0.06884,0.16037,-0.02229,-0.15430,-0.00094,0.00012,0.25103,-0.00060,0.01147,0.00006,0.00013,-0.00000,0.06775,-0.00891,0.00160,-0.00005,0.87131,0.98988,-0.01181,0.22101,0.03280,0.99217,-0.01526,0.32690,-0.18755,-0.02305,0.04710,-0.78453,0.91228,0.00016,0.00019,0.00402,-0.00729,0.00002,-0.01285,0.00009,0.10840,0.00010,0.00220,0.00519,-0.93132,-0.01944,-0.10085,0.46864,0.00364,0.00015,-0.00002,-0.06392,0.89971,0.00033,0.00076,-0.08413,-0.03692,-0.00630,0.15831,0.00309,-0.00268,-0.37740,-0.48637,0.16516,0.00006,-0.01840,-0.00855,0.00025,-0.00024,0.01659,0.00160,-0.20420,-0.16841,-0.01460,0.00053,-0.76773,0.00000,-0.00266,-0.16080,0.04026,-0.01731,0.41822,-0.00012,-0.08926,-0.00974,0.03727,-0.00000,0.00510,-0.00019,0.02091,0.75249,0.05724,-0.00001,0.15122,0.00654,-0.89014,0.00095,0.03691,0.00336,-0.95280,-0.00874,-0.00324,-0.00486,0.82422,-0.04469,-0.02718,-0.02268,0.00001,-0.00023,-0.01850,-0.00120,-0.01042,-0.02013,-0.00122,0.26182,0.00020,-0.00004,0.04619,0.01038,-0.48983,0.00000,-0.05593,-0.00001,-0.04875,-0.79333,-0.00076,-0.00220,0.15280,-0.96776,-0.11025,0.00011,0.01526,-0.01303,-0.00093,-0.00234,0.00498,0.00002,0.00021,-0.00609,0.17861,0.39216,0.00074,-0.00016,0.89156,-0.05060,0.53267,0.00003,0.68879,-0.14022,0.00026,-0.00074,0.42189,0.00000,-0.00008,0.00018,-0.00000,0.20255,-0.00803,-0.02436,-0.00023,-0.00899,-0.00089,0.00858,0.97524,0.00004,0.00025,0.00007,-0.01960,-0.00217,0.01740,0.00134,-0.01703,-0.99564,0.11198,0.04180,-0.99631,-0.00286,-0.44753,0.95280,-0.08712,0.67611,-0.00007,-0.00141,0.00147,-0.00406,-0.00000,-0.00042,0.00002,0.10044,0.03101,0.00183,-0.00059,0.51268,0.00149,0.26313,-0.00308,0.59993,0.00036,-0.00208,0.00106,-0.00002,-0.03626,0.00182,0.86337,-0.00072,-0.57385,0.00469,-0.00204,0.00091,-0.00003,0.13599,-0.00003,-0.29061,0.98853,-0.00642,-0.00021,-0.00635,-0.01625,0.00000,-0.06791,0.00580,-0.97668,-0.34177,0.00039,-0.01204,-0.11755,-0.00177,-0.02280,0.00272,-0.00671,0.00055,0.00001,0.08427,0.00001,-0.15384,0.87340,-0.01731,-0.01609,-0.00782,-0.42365,-0.00011,0.94106,-0.05776,0.00595,0.00230,0.01183,0.00604,0.00434,0.03678,0.02265,0.01782,-0.97656,-0.00239,-0.00668,-0.00189
/media/dkohlsdorf/GODZILLA/2011_wav//05281103.wav	5320704	5329458	0	-0.17424,0.00003,-0.00002,-0.03048,0.00138,0.34765,0.00571,-0.00851,0.00889,-0.74938,0.06581,-0.64652,-0.00006,0.70039,-0.83403,0.10011,-0.00000,0.00007,-0.00544,0.76099,-0.00100,0.95530,0.99938,-0.00660,0.22093,0.42184,0.29801,-0.00070,0.00000,-0.00886,-0.02424,0.40658,-0.00003,-0.87482,0.00002,0.00001,0.59045,-0.98426,-0.00015,-0.00012,-0.75497,0.01243,0.00467,0.00360,0.04580,0.25391,-0.00000,-0.33954,0.00004,-0.36018,0.00097,-0.00333,0.00072,-0.00020,-0.01381,0.00491,-0.98125,-0.00000,0.49089,0.00063,0.00000,-0.00024,0.00195,0.70779,-0.16121,0.00000,-0.00338,0.00030,0.54409,0.00023,-0.04452,0.46676,0.00003,0.00000,0.06519,0.78341,-0.28438,0.00155,-0.00073,-0.00003,0.00061,0.01289,0.00849,-0.00125,-0.98980,0.00344,0.00605,-0.00339,0.00009,-0.90249,0.29086,-0.44305,-0.00186,-0.80617,-0.00159,0.00047,0.00491,-0.00561,0.06680,0.00152,-0.06858,-0.00036,0.00020,-0.10315,0.81085,-0.04331,-0.00033,-0.00020,0.23456,-0.00000,0.44187,0.00196,-0.00005,-0.00029,-0.00017,-0.05293,-0.05354,-0.00001,0.00427,0.00000,-0.16391,0.00279,0.00428,-0.00000,-0.37195,-0.00885,-0.00046,-0.76283,0.12867,-0.00039,0.00578,0.78064,-0.00063,-0.00035,-0.03425,-0.02792,-0.30329,0.00006,-0.00001,-0.00000,0.08479,0.52085,-0.00540,-0.00403,0.00177,-0.13347,0.67352,0.03891,0.09418,-0.05594,0.07378,0.09623,0.22556,0.01126,-0.00143,-0.80567,-0.00012,0.16714,0.00000,-0.04689,-0.00000,-0.00017,0.00042,0.15411,0.28146,0.00779,0.00000,0.96424,-0.26037,0.00000,0.08038,-0.08404,0.95156,-0.27183,0.34846,0.00065,-0.74324,-0.24258,0.40772,0.99984,-0.00015,-0.99989,0.01126,-0.00000,0.46053,0.02145,-0.91929,0.07699,0.00002,-0.00945,-0.05571,0.00125,-0.00681,-0.00033,-0.42197,0.00371,0.64476,-0.00228,0.02546,0.69055,-0.00012,0.00021,-0.09953,0.00008,0.84375,-0.00000,0.04194,0.00000,-0.38732,-0.01057,-0.48447,0.60632,-0.04158,0.00162,-0.97029,-0.97798,-0.00000,-0.00020,-0.00240,0.47651,-0.18398,-0.00160,0.14387,-0.44863,-0.00029,0.22588,-0.04966,0.00000,-0.75181,0.00058,0.00002,-0.28290,0.00047,0.04411,0.00120,-0.00596,0.24042,-0.04536,-0.00014,-0.00098,-0.00303,-0.00019,0.28177,-0.02389,0.00266,-0.00000,-0.28500,0.41926,0.06873,-0.00251,-0.33880,-0.08614,-0.54113,-0.02733,-0.00063,-0.00803
/media/dkohlsdorf/GODZILLA/2011_wav//05281103.wav	5742592	5751346	0	-0.00024,0.00145,-0.00001,-0.00001,-0.00103,0.22325,0.37361,0.12528,-0.07695,-0.13929,0.00902,0.12224,-0.00046,0.54460,0.20863,0.27202,-0.00000,0.00006,-0.00347,0.04479,-0.00001,0.81234,0.99993,-0.72727,0.00003,0.00417,0.97072,-0.00545,0.05518,-0.81096,-0.00387,0.10682,-0.00032,0.04890,0.00000,0.00001,0.00006,-0.00327,0.00002,-0.00036,-0.71477,0.12545,0.00173,0.00002,0.08841,0.12521,-0.00002,0.30935,0.33791,-0.00156,0.05945,-0.00000,-0.00495,0.00098,-0.01382,0.00019,-0.24286,-0.00002,0.10444,0.07608,0.00000,-0.00002,0.00645,0.03315,0.25515,0.00003,0.00121,-0.00091,0.05062,0.07402,0.00044,0.03936,0.00257,0.00000,-0.00000,0.10842,0.01956,0.00029,-0.00010,-0.00001,0.00277,-0.05479,0.16237,-0.00048,-0.81582,-0.00501,0.10665,-0.00000,0.00013,-0.39308,0.72467,-0.30188,0.00187,-0.00120,0.00239,0.00029,-0.00393,0.00001,0.00193,0.96023,-0.53439,-0.14573,0.00139,0.05813,0.77294,-0.61716,-0.01096,-0.00002,-0.00343,-0.00001,-0.30629,-0.00015,-0.00019,-0.00016,-0.00001,0.04543,-0.07052,-0.00000,0.00014,0.00093,-0.02689,0.00324,-0.00044,-0.00001,-0.00689,-0.00010,-0.00017,-0.49022,0.02052,-0.00102,-0.02008,0.04096,0.00010,-0.05729,0.00093,-0.00019,-0.00037,0.00000,0.00002,-0.00002,0.06592,0.07017,0.00002,-0.00014,0.00726,-0.00197,0.30428,0.00018,0.00817,-0.22334,0.00312,-0.00321,0.00309,0.00919,-0.00000,0.04566,-0.00000,0.10013,-0.00000,-0.00375,-0.00000,-0.17914,-0.00037,0.09583,0.67872,0.00002,0.00005,0.00011,-0.22659,-0.00022,0.00239,0.11288,-0.00230,-0.02847,0.74304,0.01143,-0.98680,-0.08261,-0.23097,0.00052,-0.00817,-0.97655,0.00003,-0.00021,0.05800,0.13220,-0.00002,-0.00004,0.00016,-0.00175,0.01501,0.00105,0.00000,0.14374,0.33638,0.00009,-0.00535,0.00000,0.00003,0.02193,-0.00000,-0.00010,-0.00026,0.00021,0.66766,-0.00005,-0.50489,0.00001,-0.70464,-0.00022,-0.01554,0.00202,-0.00003,0.14694,-0.09994,-0.00021,-0.00000,0.00033,-0.00110,0.00300,0.82525,-0.00180,-0.98426,-0.11195,0.00003,0.09562,-0.04717,-0.00000,-0.55399,0.00324,-0.00093,0.00102,0.00001,0.16093,-0.00000,-0.66621,0.53642,0.01912,-0.00449,-0.00000,0.04909,-0.00000,-0.01458,-0.00082,0.04354,0.00889,-0.00106,0.00348,0.00040,-0.25106,-0.20509,0.21445,-0.47152,-0.00000,-0.00007,-0.00169
/media/dkohlsdorf/GODZILLA/2011_wav//05281103.wav	5795840	5804594	3	0.02218,-0.00226,-0.00008,0.99930,-0.07875,-0.02514,-0.00005,-0.01152,0.00324,0.02275,0.00000,0.09885,-0.00000,0.61268,-0.27446,-0.00032,-0.00010,0.99999,-0.00578,0.00029,-0.00045,-0.97840,0.99807,-0.03109,0.00143,0.52329,0.76324,-0.00031,0.00000,-0.04551,-0.00722,0.00000,-0.00006,-0.99710,0.00733,0.00021,-0.79872,-0.10509,0.00008,0.00001,-0.07929,0.65137,0.00166,0.37434,0.00012,0.85451,0.00000,-0.08613,0.00317,-0.00005,0.00293,-0.00153,-0.00244,0.21880,0.00432,0.00010,0.02167,-0.00003,-0.03216,0.01536,0.00000,0.00220,-0.99267,0.90324,0.00291,0.00001,-0.58978,-0.25093,0.85077,0.00007,-0.04450,0.11873,0.00061,-0.00041,0.00099,0.09631,0.44681,-0.00000,-0.00000,-0.00096,0.00078,-0.00273,-0.00412,0.00014,-0.10494,0.35273,-0.02421,-0.99560,0.03052,-0.64360,0.00000,-0.00019,-0.06660,-0.82573,0.05472,0.00001,0.01776,-0.00073,0.00113,0.00032,-0.56434,-0.00170,-0.01460,0.00639,-0.00894,-0.00078,-0.21747,-0.88969,-0.00079,0.99280,0.00111,-0.04176,-0.00000,-0.91824,-0.10661,0.35593,0.00019,-0.01560,-0.18580,0.00030,-0.00010,0.00002,-0.00000,-0.00014,-0.69098,-0.99651,-0.00083,-0.00170,0.00027,-0.47074,-0.01711,0.05254,-0.00793,-0.00036,-0.00000,-0.06429,-0.01019,0.00006,0.01345,-0.00067,0.00616,-0.25477,0.64144,-0.06886,-0.00134,0.00197,0.91783,0.11790,0.99981,-0.06767,-0.02241,0.21310,0.00167,0.00009,-0.21988,-0.96821,0.00000,0.99298,-0.45937,-0.11408,-0.00073,-0.00000,0.80372,0.02593,-0.10381,0.00054,0.02488,0.26095,-0.51614,-0.00019,0.01383,-0.00038,-0.02228,-0.04295,0.00858,0.90583,-0.99589,-0.25716,0.07492,0.05349,-0.00000,-0.99938,-0.00937,-0.07492,0.12568,-0.00100,-0.14305,0.03601,0.00000,-0.08303,-0.01020,0.99929,0.00000,-0.00000,-0.00285,0.40048,-0.26398,-0.69403,0.06537,-0.00151,-0.01335,0.00000,-0.00003,0.99754,0.77602,-0.00090,-0.00386,0.00000,-0.00038,-0.00931,0.31244,-0.92200,-0.14496,-0.00037,-0.47494,-0.48222,-0.00444,-0.00003,-0.00692,-0.00032,0.01508,0.05092,-0.72067,0.40203,0.01182,0.54534,0.11990,-0.00004,-0.01436,0.00262,-0.07342,0.00076,0.00003,0.00001,0.09427,-0.00011,0.84001,-0.96300,-0.00003,-0.97945,-0.23168,-0.00029,-0.92538,-0.33189,0.92624,0.49612,-0.82576,0.05157,0.00826,-0.01129,-0.58693,0.14716,-0.70849,-0.56106,0.99127,-0.00000
/media/dkohlsdorf/GODZILLA/2011_wav//05281103.wav	5984256	5993010	0	-0.00019,0.00012,-0.00001,-0.00012,-0.01239,0.06535,0.13507,-0.00510,-0.07183,-0.07963,0.00562,-0.29339,-0.00082,0.50366,0.33704,0.00631,-0.00000,0.00000,-0.00692,0.00019,0.00000,0.93975,0.99988,-0.59997,0.00000,0.00868,0.97517,-0.00173,0.93422,-0.81157,-0.00004,0.61988,-0.00173,0.77981,0.00002,0.00005,0.00004,-0.00168,0.00001,-0.02558,-0.19940,0.02118,0.00001,0.00003,0.05848,-0.12793,-0.00078,-0.00545,0.45110,0.00104,0.00249,-0.00000,-0.00159,0.00816,0.00606,0.00007,-0.19794,-0.00025,0.04028,0.04510,0.00005,-0.00068,-0.26365,-0.00091,0.18566,0.00002,0.00023,0.00092,0.00051,0.03267,0.11831,0.00025,0.28589,-0.00001,-0.00002,0.00857,-0.11383,0.00001,-0.00016,-0.00002,0.00390,-0.12826,0.63067,-0.00720,-0.63970,-0.02742,0.01130,-0.00000,0.00017,0.01470,0.51592,-0.05955,0.07067,-0.00004,0.00111,0.00632,-0.06431,0.00005,0.00061,0.93949,-0.89425,-0.20761,0.00013,0.03805,0.53271,-0.57029,-0.01985,-0.00007,-0.00012,-0.00001,-0.10802,-0.00003,-0.00164,-0.00001,-0.00001,0.14968,-0.27194,-0.00000,0.00002,0.93403,-0.02595,0.00751,-0.00000,-0.00000,-0.14633,-0.00585,-0.00012,-0.23026,0.00482,-0.00388,0.04237,0.01172,0.00008,-0.01652,-0.15561,-0.00010,-0.00091,0.00000,0.00003,-0.00057,0.76227,0.23875,0.00000,-0.00016,0.00572,-0.00078,0.14231,0.00000,0.13455,-0.05672,0.00203,-0.00032,0.00004,0.30045,-0.00000,-0.15840,-0.00000,0.03228,-0.00000,-0.00141,-0.00001,-0.51560,-0.00026,0.00131,-0.02038,0.00000,0.00002,0.00002,-0.02656,-0.00006,0.00013,0.23555,-0.27058,-0.14760,0.03348,0.03404,-0.99856,-0.00066,-0.75124,0.00026,-0.13883,-0.99525,-0.00001,-0.00002,0.00497,-0.00999,-0.00000,-0.00000,0.00063,0.00008,0.02936,0.00026,0.00025,0.70846,0.07126,0.00054,-0.00112,0.00120,0.00006,0.10420,-0.00002,-0.00006,-0.00006,0.00041,0.77249,-0.00004,0.78796,0.00035,-0.78075,-0.00005,-0.00293,0.01434,-0.00000,0.02911,-0.17693,-0.00057,-0.00000,-0.00062,-0.00357,0.00397,-0.15721,-0.00515,-0.42395,-0.55523,0.00007,0.01346,-0.09174,-0.00000,-0.15789,0.01414,-0.00060,0.00004,0.00009,0.01968,-0.00000,-0.85985,0.63090,0.00087,-0.00005,0.00002,0.04118,-0.00002,0.00335,-0.00259,-0.05009,0.00267,-0.00048,0.02598,0.00002,0.50858,-0.10650,0.18300,-0.93259,-0.00000,-0.00061,-0.00031
/media/dkohlsdorf/GODZILLA/2011_wav//05281103.wav	6033408	6042162	2	-0.41960,-0.00002,-0.00001,0.11096,-0.00037,-0.47882,0.01610,-0.00000,0.00631,-0.48517,0.00066,-0.02152,-0.00762,0.01074,-0.34720,0.00591,-0.00000,0.07625,-0.00030,0.00486,-0.00498,0.99670,0.99996,-0.97866,0.00000,0.99707,0.67514,-0.22660,0.00371,-0.14347,-0.00685,-0.00003,-0.00060,-0.89617,0.00000,0.00000,0.00000,-0.00102,0.00001,-0.00000,-0.03918,0.43303,0.00001,0.00126,0.00006,0.31276,-0.00038,-0.05578,0.02446,-0.08944,0.89686,-0.00000,0.00006,0.04187,-0.05726,0.00719,-0.10391,-0.00000,0.46240,0.54960,0.00000,0.00002,0.13462,-0.00227,0.00003,0.08790,0.05962,-0.00001,0.00450,0.00608,0.00023,-0.01503,-0.00001,-0.00000,0.80684,0.00025,-0.22030,0.00000,0.00000,-0.00347,0.13357,-0.01967,0.71469,-0.04491,-0.87367,0.09409,0.00001,-0.25917,0.00001,-0.99232,0.94001,-0.52734,-0.82763,-0.36532,-0.00003,0.00205,-0.00000,-0.00311,0.00273,0.47398,-0.95493,-0.13364,-0.00137,-0.10050,-0.20175,-0.87107,-0.00114,-0.00009,0.00099,0.00000,-0.26675,0.00002,-0.00000,-0.00000,-0.00000,-0.35403,-0.15737,-0.00000,0.00007,0.00020,0.64433,0.03519,-0.00110,-0.00000,-0.00337,-0.00001,-0.00004,-0.12734,0.00055,-0.00157,-0.00009,0.58395,0.03190,-0.00016,0.10019,-0.02375,-0.02412,0.00000,0.00000,-0.00002,0.05705,0.25509,0.27532,-0.16731,0.00011,-0.00225,0.08074,0.00197,0.00542,-0.71676,-0.00050,0.00107,0.40281,0.03501,-0.00132,-0.00022,0.00000,-0.83235,0.00000,-0.00016,-0.00000,0.00006,0.00091,0.00269,0.18138,0.16845,0.00000,0.00175,-0.99608,0.00000,0.42492,0.00055,-0.00554,0.86294,0.85100,0.00000,-0.99997,-0.42693,0.60745,0.99802,-0.00001,-0.98307,0.02030,-0.00000,0.00133,0.01000,-0.00002,-0.00000,0.00000,-0.00007,0.39984,0.00001,0.00001,0.00097,0.88403,0.52334,0.82925,-0.05014,0.00000,-0.15130,-0.00001,0.00015,-0.00157,0.36366,0.99998,-0.00000,0.08833,0.00034,-0.16010,0.26075,-0.28174,-0.01634,-0.00004,0.00375,-0.99862,-0.02766,-0.00000,0.00002,-0.00005,0.00057,-0.22993,-0.03424,0.51709,-0.21035,-0.00001,0.75245,-0.04070,-0.00000,-0.31478,-0.00027,-0.00132,0.91801,0.02167,0.00838,0.00005,-0.56627,0.36279,-0.25934,-0.00011,-0.00014,-0.42310,-0.00024,-0.12699,-0.09671,-0.09211,-0.00005,-0.59768,0.00639,0.02940,-0.02473,-0.03064,0.03840,-0.10084,-0.00273,0.00090,-0.00000
/media/dkohlsdorf/GODZILLA/2011_wav//05281103.wav	6987776	6996530	0	-0.00284,0.00085,-0.00001,-0.65349,0.00325,0.05043,0.00091,0.00279,0.00805,-0.54327,0.07758,-0.21534,-0.00003,0.41865,-0.25915,0.10310,-0.00000,0.00001,-0.00527,0.74928,-0.00002,0.96476,0.99995,-0.08095,0.02723,0.53722,0.98403,-0.00119,0.00004,-0.01010,-0.03158,0.10967,-0.00001,-0.96670,0.00000,0.00001,0.65301,-0.26506,-0.00000,-0.00023,-0.76932,0.00137,0.00484,0.00001,0.00850,0.29887,-0.00002,-0.89734,0.00582,-0.01703,0.03876,-0.00008,0.00836,-0.00002,-0.00266,0.00065,-0.93539,-0.00000,0.10702,0.00204,0.00000,-0.00007,-0.01871,-0.00177,-0.38969,0.00000,-0.01597,0.00006,0.62284,0.00403,0.00315,0.09353,0.00005,-0.00000,0.00801,0.51507,0.08408,0.00012,-0.00017,-0.00001,0.00102,-0.00213,0.05243,-0.00002,-0.80569,0.03096,0.07458,-0.01782,0.00026,-0.12508,0.77463,-0.47923,-0.00090,-0.35219,0.00158,0.00002,-0.00000,-0.00030,0.04000,0.03029,-0.55373,-0.00080,0.00641,-0.00186,0.23820,-0.00140,-0.00498,-0.00002,0.07142,-0.00001,-0.84245,0.00004,-0.00001,-0.00150,-0.00003,-0.39317,-0.93094,-0.00000,0.00058,0.00000,-0.15087,0.00140,0.00011,-0.00000,-0.04161,-0.00116,-0.00001,-0.93161,0.00360,-0.00013,0.00928,0.00388,-0.00057,-0.00293,-0.00029,-0.02899,-0.00218,0.00002,0.00001,-0.00003,0.71465,0.06515,-0.00010,-0.00614,0.00022,-0.00532,0.14225,0.00028,0.36365,-0.39140,-0.00339,0.12161,0.18784,0.00214,-0.00968,-0.06470,-0.00000,0.31040,-0.00000,-0.00008,-0.00000,-0.00171,0.02217,0.00096,-0.15848,0.00000,0.00001,0.52611,-0.06140,-0.00004,0.01340,-0.36861,0.06172,-0.00736,0.61575,0.00084,-0.96736,-0.95707,0.00491,0.99991,-0.00013,-0.99719,0.00012,-0.00000,0.00031,0.74089,-0.00126,-0.00010,0.00000,-0.01373,0.02369,0.01004,-0.05666,-0.00003,0.13381,0.00680,0.67835,-0.00082,0.00056,0.03439,-0.00001,0.00001,-0.12382,0.00069,0.80210,-0.00000,0.06873,0.00001,-0.08819,0.00776,-0.13691,0.09726,-0.00029,0.00174,-0.05764,-0.99964,-0.00000,0.00035,-0.00003,0.30319,-0.11919,-0.00383,-0.37526,-0.15214,-0.01120,0.10434,-0.07583,-0.00000,-0.74912,0.00028,0.00000,0.30284,0.00017,-0.00180,0.00000,-0.03729,0.94969,-0.99307,-0.00011,0.00000,-0.01082,-0.00003,-0.01072,-0.00795,0.00704,-0.00050,-0.01535,0.16082,0.00106,-0.00034,-0.22511,0.06624,-0.95267,-0.05111,-0.00608,-0.00755
/media/dkohlsdorf/GODZILLA/2011_wav//05281103.wav	6995968	7004722	0	-0.00833,0.00033,-0.00000,-0.01025,0.00015,0.16027,0.01304,0.00016,0.06477,-0.36456,0.04417,-0.18668,-0.00013,0.16606,0.25996,0.00016,-0.00000,-0.00001,-0.00545,0.22379,-0.00001,0.67706,0.99981,-0.05122,0.02626,0.05924,0.96659,-0.00091,0.00995,-0.05961,-0.00025,0.40214,-0.00003,-0.76211,0.00000,0.00000,0.01983,-0.00443,-0.00001,-0.00012,-0.75124,0.00017,0.00072,0.00003,0.00918,-0.06493,-0.00000,0.25294,0.00910,-0.00554,0.00260,-0.00001,-0.01598,-0.00001,-0.08073,0.00317,-0.96105,-0.00000,0.34935,0.00816,0.00000,-0.00007,0.00308,0.05878,-0.02053,0.00000,0.00078,0.00165,0.16464,0.00132,0.00022,0.04360,0.01710,-0.00000,-0.00016,0.02015,0.24313,0.00015,-0.00000,-0.00003,0.00015,-0.03151,0.09766,-0.00008,-0.96175,0.00397,0.04988,-0.00032,0.00003,-0.07769,0.09360,-0.35769,-0.00016,-0.00099,-0.00378,0.00012,-0.00000,0.00000,0.00136,0.23459,-0.43404,-0.01528,0.00048,-0.01856,0.25665,-0.11951,-0.01424,-0.00000,0.00433,-0.00000,-0.59819,0.00001,-0.00006,-0.00004,-0.00003,-0.33967,-0.77136,0.00000,0.00019,0.00002,-0.00505,0.00618,-0.00244,-0.00000,-0.02719,-0.00001,-0.00037,-0.92258,0.01643,-0.00003,0.00342,0.00279,0.00007,-0.02751,0.01232,-0.00002,-0.00692,0.00000,0.00000,-0.00003,0.94208,0.10264,0.00000,-0.00040,0.00078,-0.00333,-0.06251,0.00008,0.12244,-0.85581,-0.00055,0.01634,0.64812,0.08946,-0.00011,-0.39160,-0.00005,-0.08101,0.00000,-0.00005,-0.00000,-0.00070,0.01930,0.00143,0.04454,0.00005,0.00001,0.01389,-0.04525,0.00000,0.06565,-0.69460,0.05775,0.08208,0.87270,0.00208,-0.99318,-0.83659,-0.25373,0.99930,-0.00050,-0.99740,0.00002,-0.00000,0.03169,0.72767,-0.00828,-0.00000,0.00001,-0.00185,0.44428,0.00027,-0.01740,0.03807,0.28514,0.00110,-0.13592,0.00014,0.00034,0.01410,-0.00086,0.00186,-0.00324,0.00058,0.86396,-0.00000,0.51704,0.00003,-0.19012,-0.00586,-0.06996,0.16581,-0.00008,0.05127,-0.14868,-0.00463,-0.00000,0.00023,-0.00012,0.14988,0.05604,-0.00018,-0.10493,-0.82853,-0.00131,0.30982,-0.13777,-0.00000,-0.62911,0.00169,-0.00001,-0.00078,0.00000,-0.10352,0.00000,-0.01147,0.59590,-0.90354,-0.00002,-0.00000,-0.00101,-0.00000,-0.00166,-0.00604,0.03664,-0.00002,-0.00061,0.73911,0.00019,-0.10272,-0.19891,-0.02280,-0.90387,-0.00000,-0.00005,-0.00289
/media/dkohlsdorf/GODZILLA/2011_wav//05281103.wav	7000064	7008818	0	-0.00144,0.00366,-0.00001,-0.09905,-0.00033,0.13619,0.14089,0.15314,-0.10322,-0.51659,0.02038,0.07080,-0.00009,0.56209,0.18874,0.07478,-0.00000,0.00004,-0.00236,0.26941,-0.00001,0.95010,0.99997,-0.42328,0.00038,0.00624,0.98138,-0.00044,0.00395,-0.85056,-0.00748,-0.14889,-0.00011,0.15581,0.00000,0.00004,0.00050,-0.03195,0.00000,-0.00102,-0.75056,0.07147,0.00381,0.00004,0.21394,0.24374,-0.00000,0.21205,0.20449,-0.00194,0.04241,-0.00000,-0.00174,-0.00002,-0.01597,0.00002,-0.79774,-0.00027,0.11664,0.02155,0.00000,-0.00001,-0.10435,0.15672,0.64269,0.00001,0.00071,0.00022,0.54898,0.11495,0.00260,0.00882,0.00466,0.00000,-0.00001,0.37052,0.19852,-0.00012,-0.00068,-0.00000,0.00195,-0.01296,0.09549,-0.00054,-0.72576,-0.02302,0.06966,-0.00005,0.00010,-0.44968,0.57379,-0.70619,0.00235,-0.00499,0.00123,0.00069,-0.00085,-0.00052,0.00603,0.97688,-0.79114,-0.02704,0.00241,0.09946,0.76825,-0.63645,-0.00611,-0.00001,-0.00704,-0.00008,-0.28938,-0.00036,-0.00006,-0.00028,-0.00000,-0.03778,-0.03162,-0.00000,0.00023,0.00065,-0.01723,0.00400,-0.00116,-0.00000,-0.03661,-0.00004,-0.00035,-0.91400,0.08982,-0.00018,0.00714,0.05280,0.00024,-0.09053,0.00186,-0.00042,-0.00149,0.00001,0.00011,-0.00004,0.79124,0.08136,0.00010,-0.00010,0.00059,-0.00276,0.85405,0.00012,0.19099,-0.77082,0.02947,-0.00496,0.00595,0.12864,-0.00025,-0.06582,-0.00000,0.50124,-0.00000,-0.00335,-0.00002,-0.03499,-0.00802,0.01363,0.04404,0.00041,0.00000,0.00005,-0.23163,-0.00003,0.00324,-0.73024,-0.01830,-0.03501,0.59349,0.06815,-0.99420,-0.37832,-0.24308,0.00702,-0.00107,-0.98346,0.00002,-0.00010,0.04156,0.14356,-0.00040,-0.00001,0.00000,-0.00499,0.02015,0.00304,-0.00000,0.00441,0.46655,0.00002,-0.02935,0.00000,0.00026,0.00769,-0.00000,0.00279,-0.00104,0.00025,0.92493,-0.00002,-0.77556,0.00001,-0.45910,-0.00412,-0.01559,0.20760,-0.00011,0.05038,-0.28873,-0.00070,-0.00011,0.00081,-0.00162,0.00058,0.87700,-0.00155,-0.85646,-0.12006,0.00007,0.18583,-0.01785,-0.00000,-0.56295,0.00159,-0.00003,0.00613,-0.00000,-0.01450,-0.00000,-0.66741,0.60380,0.01551,-0.00235,-0.00002,-0.40046,-0.00000,0.02707,-0.00116,0.02238,-0.00243,-0.00039,0.02044,0.00074,-0.11569,-0.12926,0.13829,-0.97830,-0.00001,-0.00018,-0.00131
/media/dkohlsdorf/GODZILLA/2011_wav//05281103.wav	7028736	7037490	3	-0.01154,-0.00031,-0.00064,-0.00296,-0.01185,0.51984,-0.81956,-0.00016,0.05792,-0.00014,0.00161,0.00439,0.00085,0.15585,-0.00023,0.00008,-0.00031,-0.00274,-0.25179,0.00007,-0.00259,-0.96632,0.87205,-0.30900,-0.00191,0.00318,0.01490,-0.00008,0.03918,0.87052,-0.00025,0.07988,-0.00008,0.54050,0.00000,0.00008,-0.00004,-0.00163,-0.00162,-0.03073,0.53717,0.27555,0.02693,0.10496,0.00852,0.25693,-0.01210,-0.01384,0.00092,0.47327,0.00055,-0.06513,-0.36293,-0.00028,0.00264,0.00734,0.04512,-0.00029,-0.49245,0.00233,0.00019,-0.02432,-0.27999,-0.91598,0.67465,0.00029,0.00010,-0.52912,0.02509,0.00034,0.34667,0.00544,0.19724,-0.00032,-0.00036,0.40894,0.00654,0.00025,-0.00000,-0.00005,0.01187,-0.00300,0.49902,0.00001,-0.43090,-0.00066,0.00001,0.00000,0.02885,-0.00394,-0.00034,-0.00106,0.00007,-0.00997,-0.14162,0.59379,-0.08534,0.00011,0.00958,0.09461,-0.05807,-0.01983,0.00093,0.14021,-0.39279,-0.00022,-0.00001,-0.00055,-0.00117,0.00158,0.00019,-0.00346,-0.00026,-0.00045,-0.00210,0.23066,0.00076,-0.00001,0.00001,0.00250,-0.00402,0.10195,-0.00571,-0.00012,-0.06352,-0.98121,-0.34380,-0.02355,0.02646,0.02908,0.00308,0.15124,0.00731,-0.01111,0.02489,-0.00012,-0.00011,0.00059,0.00318,-0.14274,-0.15487,-0.94811,0.00680,-0.00145,0.09662,0.00679,0.99757,0.00665,0.20608,0.00072,0.03594,0.00002,-0.00209,0.00001,-0.00032,-0.92920,-0.00365,0.71169,-0.00004,-0.00061,-0.00414,-0.15064,-0.55410,0.00044,-0.86996,0.01227,0.00002,0.00144,0.01651,-0.00836,-0.00045,-0.24748,-0.03273,-0.99600,0.33858,0.00286,-0.87797,-0.00881,-0.14035,-0.00210,0.15237,-0.96600,-0.00012,-0.00640,0.08076,-0.00205,-0.07049,-0.00001,0.00447,0.00065,0.02057,0.05239,-0.00002,0.11888,0.01484,0.00663,-0.00406,0.01235,0.00001,-0.13817,-0.00036,-0.00096,-0.14943,0.05242,0.18765,-0.00004,-0.94837,0.35410,-0.48590,0.00002,-0.00413,-0.60530,-0.00714,-0.05076,0.51635,-0.00206,-0.00026,-0.02258,-0.18648,0.00107,-0.23741,0.01609,-0.77528,0.06179,0.00955,-0.04440,0.80501,-0.00391,0.62438,0.01364,-0.08832,0.00212,0.02751,0.04037,0.00381,-0.41210,-0.59213,0.00235,-0.23857,-0.00105,-0.00550,-0.00055,-0.96943,-0.10780,0.18512,0.00605,0.00063,0.00169,0.00244,0.50434,0.03992,0.00493,-0.90428,0.00026,-0.00126,-0.01112
/media/dkohlsdorf/GODZILLA/2011_wav//05281103.wav	7475200	7483954	0	-0.00318,-0.00014,-0.00051,0.47700,-0.07837,-0.99951,0.84523,-0.00025,0.05158,-0.01798,0.00033,0.01621,-0.00026,0.07378,0.02442,-0.00007,-0.00066,0.78092,-0.00359,0.07632,-0.00243,0.86171,0.99519,-0.14599,0.25587,0.00036,0.99687,-0.00000,0.00014,-0.00489,-0.00181,0.00012,-0.00003,0.92304,0.00000,0.01120,0.03199,-0.01880,0.00187,0.00068,0.14578,0.78975,0.12095,0.00039,0.00339,-0.07317,-0.04455,-0.01169,0.00075,0.02203,0.00000,-0.14274,-0.01299,0.07307,0.65724,0.00845,-0.01979,-0.00185,-0.01707,0.00224,0.00000,-0.00013,-0.55321,-0.06130,0.00756,0.00001,-0.04738,-0.02627,0.05595,0.00002,-0.00039,0.00592,-0.01764,-0.00000,-0.00973,0.22520,-0.06592,-0.04167,-0.89926,-0.29957,0.95483,-0.00125,-0.39415,0.00000,-0.60901,-0.00043,-0.00014,0.00002,0.00952,-0.01638,0.00002,-0.00046,-0.00000,-0.00001,0.48494,0.00056,0.06121,-0.00000,0.00233,0.00899,-0.78859,-0.26314,0.00350,0.08248,0.65608,-0.00052,-0.14703,-0.00005,0.00046,-0.00027,0.06174,-0.00297,-0.00002,-0.00150,-0.00061,0.25054,-0.00986,-0.00022,0.05286,0.00000,-0.03661,0.00000,-0.90108,-0.00004,-0.00048,-0.83933,-0.97775,-0.02088,0.04582,-0.33294,-0.72268,0.01320,0.00053,-0.00164,-0.00005,-0.00000,0.00073,0.00001,0.00109,-0.00130,-0.59171,0.86003,0.00056,-0.00001,0.26645,0.06580,0.98847,0.02704,0.88097,-0.00147,-0.00003,0.00007,0.12756,0.00006,-0.10047,-0.00821,-0.00000,0.66344,-0.80061,-0.00636,-0.00520,-0.00014,-0.00003,0.06376,0.49674,0.00006,0.00052,0.00098,-0.99988,-0.00015,0.00145,0.17563,-0.00021,0.06099,0.06880,0.00840,-0.82167,-0.00032,0.00798,0.47233,-0.00830,-0.70038,0.02257,-0.00429,0.07959,-0.00009,-0.81838,0.11098,0.00002,0.69112,0.21254,0.00157,-0.00029,0.03945,0.00473,0.00264,-0.07376,0.17488,0.01092,-0.00104,-0.00000,-0.01976,-0.01272,0.00043,0.47114,-0.00110,-0.99394,0.00136,-0.12651,0.00478,-0.88980,0.98290,-0.00374,0.00006,0.33290,-0.00005,-0.00012,0.00329,-0.00001,0.00002,0.97023,0.04880,-0.47265,0.01496,0.00006,-0.10391,-0.11974,-0.00004,0.05378,0.00331,-0.39099,0.00007,0.00164,0.00153,0.01027,-0.43307,0.31522,-0.97974,-0.00210,-0.01382,-0.00939,-0.00016,-0.99605,-0.01457,0.99796,0.00010,-0.03228,0.00044,0.07084,0.00808,-0.06592,0.20951,-0.07091,0.00000,0.00002,-0.00071
